alpha,nematic_S,theta,theta_prime,silhouette_2d,angular_momentum,normalized_angular_momentum,dispersion,speed_avg,force_avg,jamming_index,power_avg,local_spacing,velocity_deviation,boundary_overshoot,altitude_deviation,collisions_this_step,target_dist_min,target_dist_max,speed_real_ms,accel_real_ms2,force_real_N,power_real_W,energy_J,h2,r_nodal,r_per_m,m_star_sensing,tau_rho,theta_accel_correlation,theta_accel_peak_lag,theta_accel_correlation_3d,theta_accel_peak_lag_3d,hull_volume,density_rho,msd,msd_slope,msd_crossover,msd_curve,gyration_radius,r_max,psky_meanfield,marginal_opacity_density,aspect_ratio,thickness_ratio,optimal_m,suggested_m,eta_m,convergence_speed
0.1081247615814209,0.05841837823390961,,0.003703703703703704,0.1225,"[47.3762321472168, 37.8636360168457, 16.614261627197266]",0.04595627263188362,358.0804748535156,4.000485420227051,0.0,1.0,0.0,209.10031860405022,3.9698708057403564,7796.089744911349,146.5052490234375,0,,,8.941084914207458,0.0,0.0,0.0,0.0,0.8163637689464773,12.249441217736873,2.824265097184582,3,,,,,,,,,,,,342.07733154296875,1039.5625166204752,0.9836105511539194,0.00016201490403872491,1.485334038734436,0.6732491850852966,6,8.874852017760276,0.07192272081082696,0.06502642300937841
0.10536852836608887,0.056045640259981155,,0.003703703703703704,0.1222,"[190.29226684570312, 100.20059204101562, 132.02606201171875]",0.1844397783279419,358.06610107421875,10.400749206542969,0.0,1.0,0.0,0.0,10.343430519104004,7794.4695643483,146.50393676757812,0,,,23.245674476623535,0.0,0.0,0.0,0.0,,,,,,,,,,,,,,,,,,,,,,,,,
0.10508723258972168,0.052159715443849564,,0.003703703703703704,0.122,"[176.88632202148438, 114.20934295654297, 120.75272369384766]",0.1774146407842636,358.0472717285156,11.040958404541016,0.0,1.0,0.0,0.0,10.970288276672363,7792.324515961553,146.49813842773438,0,,,24.67654203414917,0.0,0.0,0.0,0.0,,,,,,,,,,,,,,,,,,,,,,,,,
0.10773150444030762,0.04939808323979378,,0.003703703703703704,0.122,"[182.27879333496094, 117.63114929199219, 132.9158172607422]",0.1859814077615738,358.02581787109375,10.971216201782227,0.0,1.0,0.0,0.0,10.895809173583984,7789.924593973008,146.4910125732422,0,,,24.520668210983274,0.0,0.0,0.0,0.0,,,,,,,,,,,,,,,,,,,,,,,,,
0.10786782264709473,0.048020169138908386,,0.003703703703703704,0.1222,"[182.47988891601562, 133.9691619873047, 138.0352783203125]",0.19383715093135834,358.0025634765625,10.946425437927246,0.0,1.0,0.0,0.0,10.871761322021484,7787.398394240865,146.4827117919922,0,,,24.465260853767393,0.0,0.0,0.0,0.0,,,,,,,,,,,,,,,,,,,,,,,,,
0.11095623970031739,0.04868600517511368,,0.003703703703703704,0.1222,"[167.94036865234375, 141.8441162109375, 149.24681091308594]",0.1942659616470337,357.9766845703125,10.971709251403809,0.0,1.0,0.0,0.0,10.891265869140625,7784.6483067896825,146.4748992919922,0,,,24.52177017688751,0.0,0.0,0.0,0.0,,,,,,,,,,,,,,,,,,,,,,,,,
0.11034212112426758,0.04939347878098488,,0.003703703703703704,0.1218,"[167.59555053710938, 143.88136291503906, 152.30831909179688]",0.19618794322013855,357.9487609863281,10.971968650817871,0.0,1.0,0.0,0.0,10.892337799072266,7781.71241381454,146.4653778076172,0,,,24.52234993457794,0.0,0.0,0.0,0.0,,,,,,,,,,,,,,,,,,,,,,,,,
0.10771181106567383,0.05162844806909561,,0.003703703703703704,0.1222,"[163.60763549804688, 159.4611053466797, 164.84481811523438]",0.20602159202098846,357.91851806640625,10.972256660461426,0.0,1.0,0.0,0.0,10.896380424499512,7778.552248819869,146.4538116455078,0,,,24.522993636131286,0.0,0.0,0.0,0.0,,,,,,,,,,,,,,,,,,,,,,,,,
0.10727340698242188,0.05136386677622795,,0.003703703703703704,0.122,"[160.97549438476562, 165.5986785888672, 173.77296447753906]",0.2113792896270752,357.8861389160156,10.972468376159668,0.0,1.0,0.0,0.0,10.897315979003906,7775.1909043081405,146.44082641601562,0,,,24.523466820716855,0.0,0.0,0.0,0.0,,,,,,,,,,,,,,,,,,,,,,,,,
0.10705368041992187,0.04954050853848457,,0.003703703703703704,0.122,"[156.9473114013672, 174.3876495361328, 172.59063720703125]",0.21303847432136536,357.8518371582031,10.972681999206543,0.0,1.0,0.0,0.0,10.898212432861328,7771.719835880442,146.42625427246094,0,,,24.52394426822662,0.0,0.0,0.0,0.0,,,,,,,,,,,,,,,,,,,,,,,,,
0.10930912971496581,0.050254613161087036,,0.003703703703703704,0.122,"[142.49765014648438, 195.4068145751953, 188.09646606445312]",0.22412610054016113,357.8154296875,10.972908973693848,0.0,1.0,0.0,0.0,10.894781112670898,7768.0828381296515,146.41041564941406,0,,,24.524451556205747,0.0,0.0,0.0,0.0,,,,,,,,,,,,,,,,,,,,,,,,,
0.1092875862121582,0.04858923703432083,,0.003703703703703704,0.122,"[133.1731414794922, 212.73011779785156, 191.19073486328125]",0.23082643747329712,357.77716064453125,10.973132133483887,0.0,1.0,0.0,0.0,10.8951997756958,7764.256099214968,146.3931884765625,0,,,24.524950318336487,0.0,0.0,0.0,0.0,,,,,,,,,,,,,,,,,,,,,,,,,
0.10896703720092774,0.04686474800109863,,0.003703703703703704,0.122,"[130.21348571777344, 212.06069946289062, 192.1103973388672]",0.23002779483795166,357.73699951171875,10.973343849182129,0.0,1.0,0.0,0.0,10.895702362060547,7760.258781978424,146.37503051757812,0,,,24.525423502922056,0.0,0.0,0.0,0.0,,,,,,,,,,,,,,,,,,,,,,,,,
0.1113735580444336,0.044448353350162506,,0.003703703703703704,0.1219,"[123.24694061279297, 216.50152587890625, 202.79312133789062]",0.23507167398929596,357.69451904296875,10.97354507446289,0.0,1.0,0.0,0.0,10.891898155212402,7756.073122804037,146.3554229736328,0,,,24.52587324142456,0.0,0.0,0.0,0.0,,,,,,,,,,,,,,,,,,,,,,,,,
0.11300464630126954,0.044353634119033813,,0.003703703703703704,0.1226,"[116.48311614990234, 231.99786376953125, 193.0086669921875]",0.23675458133220673,357.6502380371094,10.973721504211426,0.0,1.0,0.0,0.0,10.8896484375,7751.70748816169,146.33470153808594,0,,,24.526267561912537,0.0,0.0,0.0,0.0,,,,,,,,,,,,,,,,,,,,,,,,,
0.11193220138549805,0.04498463496565819,,0.003703703703703704,0.1226,"[100.21345520019531, 233.41952514648438, 190.0077362060547]",0.23220109939575195,357.6036376953125,10.913897514343262,0.0,1.0,0.0,0.0,10.831439018249512,7747.166409848453,146.3123321533203,0,,,24.39256094455719,0.0,0.0,0.0,0.0,,,,,,,,,,,,,,,,,,,,,,,,,
0.11193780899047852,0.04637095704674721,,0.003703703703703704,0.1226,"[88.3905258178711, 235.14920043945312, 190.1610107421875]",0.23065727949142456,357.55426025390625,10.914102554321289,0.0,1.0,0.0,0.0,10.831574440002441,7742.407390187535,146.28768920898438,0,,,24.39301920890808,0.0,0.0,0.0,0.0,,,,,,,,,,,,,,,,,,,,,,,,,
0.11231549263000488,0.04421757906675339,,0.003703703703703704,0.1226,"[85.61066436767578, 240.28314208984375, 200.05307006835938]",0.23735342919826508,357.5028991699219,10.914305686950684,0.0,1.0,0.0,0.0,10.831403732299805,7737.478298299044,146.26156616210938,0,,,24.393473210334776,0.0,0.0,0.0,0.0,,,,,,,,,,,,,,,,,,,,,,,,,
0.11125771522521972,0.04630277678370476,,0.003703703703703704,0.1223,"[86.16845703125, 241.46212768554688, 201.25802612304688]",0.23867857456207275,357.44964599609375,10.91448974609375,0.0,1.0,0.0,0.0,10.833160400390625,7732.398280456851,146.23394775390625,0,,,24.39388458251953,0.0,0.0,0.0,0.0,,,,,,,,,,,,,,,,,,,,,,,,,
0.11061244964599609,0.045946285128593445,,0.003703703703703704,0.1223,"[79.84713745117188, 253.5006103515625, 201.9933624267578]",0.24449115991592407,357.39495849609375,10.914616584777832,0.0,1.0,0.0,0.0,10.834062576293945,7727.169305755214,146.20510864257812,0,,,24.39416806697845,0.0,0.0,0.0,0.0,,,,,,,,,,,,,,,,,,,,,,,,,
0.10825258255004883,0.0471334233880043,,0.003703703703703704,0.1224,"[80.38314056396484, 263.8740539550781, 207.48806762695312]",0.2528366148471832,357.3383483886719,10.914775848388672,0.0,1.0,0.0,206.71363612044172,10.837745666503906,7721.791560624833,146.17462158203125,0,,,24.39452402114868,0.0,0.0,0.0,0.0,0.8745161262838811,11.43489490867759,2.66228246959165,3,,,,,,,,,,,,341.2973937988281,1035.1842517371647,0.9835361794923893,0.00016201490403872491,1.4853167533874512,0.673257052898407,5,8.874884254932404,0.18877117519140046,0.04479374746721023
0.10653502464294434,0.045489583164453506,,0.003703703703703704,0.1221,"[86.06257629394531, 278.4690246582031, 206.1200408935547]",0.26152902841567993,357.2804260253906,10.91489028930664,0.0,1.0,0.0,0.0,10.840069770812988,7716.299246739746,146.1434326171875,0,,,24.39477979660034,0.0,0.0,0.0,0.0,,,,,,,,,,,,,,,,,,,,,,,,,
0.10285530090332032,0.046304114162921906,,0.003703703703703704,0.1222,"[86.90450286865234, 298.02496337890625, 194.95645141601562]",0.2686002850532532,357.2213134765625,10.915003776550293,0.0,1.0,0.0,0.0,10.845401763916016,7710.683851810652,146.11131286621094,0,,,24.395033440589902,0.0,0.0,0.0,0.0,,,,,,,,,,,,,,,,,,,,,,,,,
0.1023828411102295,0.044345952570438385,,0.003703703703703704,0.1221,"[88.83192443847656, 309.2842712402344, 191.23526000976562]",0.27432316541671753,357.1607666015625,10.915083885192871,0.0,1.0,0.0,0.0,10.846135139465332,7704.935954519038,146.07815551757812,0,,,24.395212483406066,0.0,0.0,0.0,0.0,,,,,,,,,,,,,,,,,,,,,,,,,
0.10427924156188965,0.04801589623093605,,0.003703703703703704,0.1221,"[82.4656753540039, 319.6893310546875, 202.0009307861328]",0.2836967408657074,357.0989990234375,10.915149688720703,0.0,1.0,0.0,0.0,10.843533515930176,7699.10490874778,146.04420471191406,0,,,24.39535955429077,0.0,0.0,0.0,0.0,,,,,,,,,,,,,,,,,,,,,,,,,
0.1028544044494629,0.046981632709503174,,0.003703703703703704,0.1224,"[91.6093521118164, 333.60894775390625, 202.56248474121094]",0.2938995361328125,357.0359802246094,10.900251388549805,0.0,1.0,0.0,0.0,10.83071517944336,7693.166022248917,146.0093536376953,0,,,24.36206185340881,0.0,0.0,0.0,0.0,,,,,,,,,,,,,,,,,,,,,,,,,
0.09909704208374023,0.04693032428622246,,0.003703703703703704,0.1231,"[79.30445098876953, 324.4163818359375, 209.26605224609375]",0.2889799475669861,356.9714050292969,10.915371894836426,0.0,1.0,0.0,0.0,10.850913047790527,7687.073856444161,145.9738311767578,0,,,24.39585618495941,0.0,0.0,0.0,0.0,,,,,,,,,,,,,,,,,,,,,,,,,
0.09809309005737304,0.050460465252399445,,0.003703703703703704,0.123,"[70.82107543945312, 339.4021911621094, 193.93734741210938]",0.2913421094417572,356.9069519042969,10.845455169677734,0.0,1.0,0.0,0.0,10.781214714050293,7681.004483666517,145.93824768066406,0,,,24.239592304229735,0.0,0.0,0.0,0.0,,,,,,,,,,,,,,,,,,,,,,,,,
0.0975572109222412,0.05569463595747948,,0.003703703703703704,0.123,"[56.220096588134766, 339.6225891113281, 204.68206787109375]",0.2937644422054291,356.841796875,10.820548057556152,0.0,1.0,0.0,0.0,10.757922172546387,7674.8801000016065,145.9019775390625,0,,,24.183924908637998,0.0,0.0,0.0,0.0,,,,,,,,,,,,,,,,,,,,,,,,,
0.096448392868042,0.053678810596466064,,0.003703703703703704,0.123,"[61.48155212402344, 338.366455078125, 205.72097778320312]",0.2939979135990143,356.77496337890625,10.845634460449219,0.0,1.0,0.0,0.0,10.783858299255371,7668.625558571328,145.86451721191406,0,,,24.239993019104002,0.0,0.0,0.0,0.0,,,,,,,,,,,,,,,,,,,,,,,,,
0.09530845642089844,0.05073903128504753,,0.003703703703703704,0.1229,"[68.8259506225586, 350.6498718261719, 203.2589111328125]",0.3016601502895355,356.7070007324219,10.845714569091797,0.0,1.0,0.0,0.0,10.785601615905762,7662.266040918117,145.82696533203125,0,,,24.240172061920166,0.0,0.0,0.0,0.0,,,,,0.0,,,,,255801610.0671199,3.9092795379106864e-07,,,,,,,,,,,,,,
0.09099752426147462,0.05037311837077141,,0.003703703703703704,0.1229,"[83.37727355957031, 363.303466796875, 197.41812133789062]",0.309569776058197,356.63848876953125,10.820771217346191,0.0,1.0,0.0,0.0,10.766530990600586,7655.862576612484,145.78872680664062,0,,,24.184423670768737,0.0,0.0,0.0,0.0,,,,,0.0,,,,,255801610.0671199,3.9092795379106864e-07,,,,,,,,,,,,,,
0.08888150215148925,0.050332408398389816,,0.003703703703703704,0.1233,"[82.9240951538086, 367.2460021972656, 203.14715576171875]",0.3140382468700409,356.5688171386719,10.845817565917969,0.0,1.0,0.0,0.0,10.793928146362305,7649.362573470403,145.74952697753906,0,,,24.24040225982666,0.0,0.0,0.0,0.0,,,,,0.0,,,,,255801610.0671199,3.9092795379106864e-07,,,,,,,,,,,,,,
0.08721879005432129,0.050154976546764374,,0.003703703703703704,0.1233,"[84.24392700195312, 372.07550048828125, 199.49197387695312]",0.3160862326622009,356.4984130859375,10.845832824707031,0.0,1.0,0.0,0.0,10.796109199523926,7642.821201035867,145.70945739746094,0,,,24.240436363220212,0.0,0.0,0.0,0.0,,,,,0.0,,,,,255801610.0671199,3.9092795379106864e-07,,,,,,,,,,,,,,
0.08435474395751953,0.04913655295968056,,0.003703703703703704,0.1235,"[82.619384765625, 374.7734375, 203.6352996826172]",0.31904682517051697,356.4264831542969,10.845868110656738,0.0,1.0,0.0,0.0,10.799749374389648,7636.162065231177,145.6685791015625,0,,,24.240515227317808,0.0,0.0,0.0,0.0,,,,,0.0,,,,,255801610.0671199,3.9092795379106864e-07,,,,,,,,,,,,,,
0.08213202476501465,0.04965737462043762,,0.003703703703703704,0.1235,"[82.37118530273438, 379.2496032714844, 202.86383056640625]",0.32165271043777466,356.353759765625,10.845873832702637,0.0,1.0,0.0,0.0,10.802326202392578,7629.445727873301,145.62728881835938,0,,,24.24052801609039,0.0,0.0,0.0,0.0,,,,,0.0,,,,,255801610.0671199,3.9092795379106864e-07,,,,,,,,,,,,,,
0.08504318237304688,0.048447124660015106,,0.003703703703703704,0.1236,"[97.54035949707031, 377.6581115722656, 206.73513793945312]",0.3243148922920227,356.280517578125,10.845869064331055,0.0,1.0,0.0,0.0,10.7991943359375,7622.691615706902,145.5865936279297,0,,,24.240517358779908,0.0,0.0,0.0,0.0,,,,,0.0,,,,,255801610.0671199,3.9092795379106864e-07,,,,,,,,,,,,,,
0.08427156448364258,0.042983319610357285,,0.003703703703703704,0.1233,"[98.33627319335938, 374.04083251953125, 216.4263153076172]",0.32565709948539734,356.20660400390625,10.845900535583496,0.0,1.0,0.0,0.0,10.800098419189453,7615.905513933649,145.54754638671875,0,,,24.240587697029113,0.0,0.0,0.0,0.0,,,,,0.0,,,,,255801610.0671199,3.9092795379106864e-07,,,,,,,,,,,,,,
0.07930074691772461,0.03724302724003792,,0.003703703703703704,0.1233,"[98.0633773803711, 374.9585266113281, 205.1542205810547]",0.3222903907299042,356.1316833496094,10.84592056274414,0.0,1.0,0.0,0.0,10.805750846862793,7609.052378797575,145.50770568847656,0,,,24.240632457733152,0.0,0.0,0.0,0.0,,,,,0.0,,,,,255801610.0671199,3.9092795379106864e-07,,,,,,,,,,,,,,
0.07579012393951416,0.035258419811725616,,0.003703703703703704,0.1233,"[100.1715316772461, 385.048095703125, 191.03245544433594]",0.3244381248950958,356.0557556152344,10.84592056274414,0.0,1.0,0.0,0.0,10.809391975402832,7602.117518280341,145.46717834472656,0,,,24.240632457733152,0.0,0.0,0.0,0.0,,,,,0.0,,,,,255801610.0671199,3.9092795379106864e-07,,,,,,,,,,,,,,
0.0733585548400879,0.03428272530436516,,0.003703703703703704,0.1233,"[111.4581069946289, 382.6446838378906, 178.58265686035156]",0.3211081624031067,355.978515625,10.805907249450684,0.0,1.0,0.0,205.2898290292884,10.773022651672363,7595.125797625528,145.42611694335938,0,,,24.151202702522276,0.0,0.0,0.0,0.0,0.8891226993013298,11.24704161513138,2.5832641785718717,3,0.0,,,,,253002170.34824988,3.9525352633280975e-07,,,,,340.01654052734375,1029.3139190121542,0.9834129427640205,0.00016201490403872491,1.4893648624420166,0.6714271306991577,5,8.867334531545639,0.20061721183431042,0.0424651594711263
0.07371189594268798,0.03425639867782593,,0.003703703703703704,0.1233,"[112.9737319946289, 377.8409729003906, 174.75057983398438]",0.3172224462032318,355.90106201171875,10.845900535583496,0.0,1.0,0.0,0.0,10.811391830444336,7588.0595483644975,145.38430786132812,0,,,24.240587697029113,0.0,0.0,0.0,0.0,,,,,0.0,,,,,253002170.34824988,3.9525352633280975e-07,,,,,,,,,,,,,,
0.07295482635498046,0.03016699105501175,,0.003703703703703704,0.1231,"[115.85474395751953, 376.6573181152344, 166.1055450439453]",0.3145662844181061,355.8232421875,10.845867156982422,0.0,1.0,0.0,0.0,10.811955451965332,7580.97047145578,145.34237670898438,0,,,24.24051309585571,0.0,0.0,0.0,0.0,,,,,0.0,,,,,253002170.34824988,3.9525352633280975e-07,,,,,,,,,,,,,,
0.07247299671173096,0.02499368041753769,,0.003703703703703704,0.1231,"[114.32054901123047, 367.2613525390625, 172.7955322265625]",0.3102368116378784,355.7450256347656,10.845839500427246,0.0,1.0,0.0,0.0,10.81234359741211,7573.839592911998,145.30044555664062,0,,,24.240451283454895,0.0,0.0,0.0,0.0,,,,,0.0,,,,,253002170.34824988,3.9525352633280975e-07,,,,,,,,,,,,,,
0.06981855392456054,0.024812782183289528,,0.003703703703703704,0.1231,"[112.21224975585938, 367.1968994140625, 176.31361389160156]",0.310916543006897,355.66656494140625,10.845812797546387,0.0,1.0,0.0,0.0,10.814903259277344,7566.676608411646,145.258544921875,0,,,24.240391602516173,0.0,0.0,0.0,0.0,,,,,0.0,,,,,253002170.34824988,3.9525352633280975e-07,,,,,,,,,,,,,,
0.06686863899230958,0.02658957988023758,,0.003703703703703704,0.1227,"[121.93734741210938, 365.0194091796875, 174.2841796875]",0.31095877289772034,355.5887451171875,10.775778770446777,0.0,1.0,0.0,0.0,10.74757194519043,7559.587307860951,145.21731567382812,0,,,24.083865551948545,0.0,0.0,0.0,0.0,,,,,0.0,,,,,253002170.34824988,3.9525352633280975e-07,,,,,,,,,,,,,,
0.06743103981018067,0.02805827371776104,,0.003703703703703704,0.1227,"[109.8777847290039, 362.34820556640625, 174.5693817138672]",0.30695807933807373,355.51007080078125,10.775739669799805,0.0,1.0,0.0,0.0,10.747036933898926,7552.44639343472,145.1757354736328,0,,,24.083778162002563,0.0,0.0,0.0,0.0,,,,,0.0,,,,,253002170.34824988,3.9525352633280975e-07,,,,,,,,,,,,,,
0.06483527660369873,0.02910340577363968,,0.003703703703703704,0.1224,"[115.19454193115234, 361.06317138671875, 164.5949249267578]",0.30426138639450073,355.43133544921875,10.775705337524414,0.0,1.0,0.0,0.0,10.749434471130371,7545.25345759421,145.13352966308594,0,,,24.083701429367064,0.0,0.0,0.0,0.0,,,,,0.0,,,,,253002170.34824988,3.9525352633280975e-07,,,,,,,,,,,,,,
0.06287717819213867,0.03220692649483681,,0.003703703703703704,0.1223,"[118.97579193115234, 365.2569580078125, 157.15850830078125]",0.30569595098495483,355.352783203125,10.77566909790039,0.0,1.0,0.0,0.0,10.751041412353516,7538.066721743106,145.0913543701172,0,,,24.083620433807372,0.0,0.0,0.0,0.0,,,,,0.0,,,,,253002170.34824988,3.9525352633280975e-07,,,,,,,,,,,,,,
0.06152701377868652,0.03525283560156822,,0.003703703703703704,0.1223,"[108.19622802734375, 366.77459716796875, 149.3360137939453]",0.3024294674396515,355.2740173339844,10.775629043579102,0.0,1.0,0.0,0.0,10.752028465270996,7530.85304312416,145.04949951171875,0,,,24.08353091239929,0.0,0.0,0.0,0.0,,,,,0.0,,,,,253002170.34824988,3.9525352633280975e-07,,,,,,,,,,,,,,
0.06107685565948486,0.033858269453048706,,0.003703703703703704,0.1223,"[103.12422180175781, 373.1893005371094, 136.88876342773438]",0.30259639024734497,355.19476318359375,10.775582313537598,0.0,1.0,0.0,0.0,10.752408027648926,7523.609067699062,145.0067596435547,0,,,24.083426470756528,0.0,0.0,0.0,0.0,,,,,0.0,,,,,250051524.42984942,3.999175778992479e-07,,,,,,,,,,,,,,
0.061242256164550785,0.03411343693733215,,0.003703703703703704,0.122,"[103.5435562133789, 368.9696044921875, 138.0087432861328]",0.30019626021385193,355.11566162109375,10.775533676147461,0.0,1.0,0.0,0.0,10.752143859863281,7516.375701200431,144.96437072753906,0,,,24.083317766189573,0.0,0.0,0.0,0.0,,,,,0.0,,,,,250051524.42984942,3.999175778992479e-07,,,,,,,,,,,,,,
0.06015465259552002,0.03439605236053467,,0.003703703703703704,0.122,"[106.638671875, 363.8218078613281, 128.03321838378906]",0.2949890196323395,355.0362854003906,10.775487899780273,0.0,1.0,0.0,0.0,10.752983093261719,7509.123200712719,144.921630859375,0,,,24.08321545600891,0.0,0.0,0.0,0.0,,,,,0.0,,,,,250051524.42984942,3.999175778992479e-07,,,,,,,,,,,,,,
0.0615159797668457,0.03713791444897652,,0.003703703703703704,0.1218,"[101.57798767089844, 354.8504638671875, 127.68366241455078]",0.28797560930252075,354.95684814453125,10.775442123413086,0.0,1.0,0.0,0.0,10.752019882202148,7501.859267448744,144.87899780273438,0,,,24.083113145828246,0.0,0.0,0.0,0.0,,,,,0.0,,,,,250051524.42984942,3.999175778992479e-07,,,,,,,,,,,,,,
0.06174936294555664,0.03748802840709686,,0.003703703703703704,0.1218,"[108.61587524414062, 351.2894592285156, 124.98124694824219]",0.2864118814468384,354.87725830078125,10.835392951965332,0.0,1.0,0.0,0.0,10.811984062194824,7494.55566771539,144.83567810058594,0,,,24.217103247642516,0.0,0.0,0.0,0.0,,,,,0.0,,,,,250051524.42984942,3.999175778992479e-07,,,,,,,,,,,,,,
0.059079437255859374,0.03556609898805618,,0.003703703703703704,0.1216,"[97.5248794555664, 343.57379150390625, 122.8822250366211]",0.27860960364341736,354.7974548339844,10.835349082946777,0.0,1.0,0.0,0.0,10.814270973205566,7487.217021150273,144.79232788085938,0,,,24.217005200386048,0.0,0.0,0.0,0.0,,,,,0.0,,,,,250051524.42984942,3.999175778992479e-07,,,,,,,,,,,,,,
0.05877537250518799,0.032359395176172256,,0.003703703703703704,0.1217,"[96.2017593383789, 337.96710205078125, 120.85002136230469]",0.2741681635379791,354.7176208496094,10.835308074951172,0.0,1.0,0.0,0.0,10.814483642578125,7479.855675532095,144.74887084960938,0,,,24.21691354751587,0.0,0.0,0.0,0.0,,,,,0.0,,,,,250051524.42984942,3.999175778992479e-07,,,,,,,,,,,,,,
0.060146002769470214,0.03183560445904732,,0.003703703703703704,0.1217,"[99.33950805664062, 332.571044921875, 114.74626159667969]",0.2697809934616089,354.6376037597656,10.835260391235352,0.0,1.0,0.0,0.0,10.813270568847656,7472.476897523651,144.7054901123047,0,,,24.21680697441101,0.0,0.0,0.0,0.0,,,,,0.0,,,,,250051524.42984942,3.999175778992479e-07,,,,,,,,,,,,,,
0.05835717678070068,0.029620079323649406,,0.003703703703703704,0.1217,"[94.26896667480469, 332.0508728027344, 114.6230697631836]",0.2684686481952667,354.5574645996094,10.835210800170898,0.0,1.0,0.0,0.0,10.814687728881836,7465.215950715489,144.6619110107422,0,,,24.216696138381955,0.0,0.0,0.0,0.0,,,,,0.0,,,,,250051524.42984942,3.999175778992479e-07,,,,,,,,,,,,,,
0.05684436321258545,0.032000038772821426,,0.003703703703703704,0.1215,"[85.38777160644531, 323.3974914550781, 111.85786437988281]",0.26039332151412964,354.4770812988281,10.835162162780762,0.0,1.0,0.0,0.0,10.815844535827637,7457.9576505375335,144.6183624267578,0,,,24.216587433815,0.0,0.0,0.0,0.0,,,,,0.0,,,,,250051524.42984942,3.999175778992479e-07,,,,,,,,,,,,,,
0.05800361156463623,0.030358681455254555,,0.003703703703703704,0.1215,"[97.31082153320312, 322.0984802246094, 106.96000671386719]",0.2607318162918091,354.39678955078125,10.810114860534668,0.0,1.0,0.0,201.51583168930048,10.790485382080078,7450.693461766111,144.57427978515625,0,,,24.16060671329498,0.0,0.0,0.0,0.0,0.8831176689771514,11.323519335291124,2.618200695098738,4,0.0,,,,,247084291.29785332,4.0472018465735947e-07,47.97553634643555,1.8752893522853382,,"[13.076800346374512, 47.97553634643555]",338.5359191894531,1024.2378269079893,0.9832687583473244,0.00016201490403872491,1.4952468872070312,0.6687858700752258,5,8.856364555358887,0.19848598589387922,0.041643348939244
0.05601513862609863,0.028700977563858032,,0.003703703703703704,0.1215,"[84.05750274658203, 321.0738525390625, 105.31103515625]",0.25719529390335083,354.3163146972656,10.83506965637207,0.0,1.0,0.0,0.0,10.816484451293945,7443.418059062452,144.5302734375,0,,,24.216380681991577,0.0,0.0,0.0,0.0,,,,,0.0,,,,,247084291.29785332,4.0472018465735947e-07,,,,,,,,,,,,,,
0.05541283130645752,0.02965766191482544,,0.003703703703703704,0.1215,"[88.94384765625, 316.2577819824219, 103.80242156982422]",0.2545444369316101,354.2356262207031,10.835022926330566,0.0,1.0,0.0,0.0,10.816847801208496,7436.131203122347,144.48683166503906,0,,,24.216276240348815,0.0,0.0,0.0,0.0,,,,,0.0,,,,,247084291.29785332,4.0472018465735947e-07,,,,,,,,,,,,,,
0.054144792556762696,0.03171519562602043,,0.003703703703703704,0.1216,"[78.87945556640625, 315.4786376953125, 99.55419921875]",0.25131499767303467,354.1541748046875,10.764974594116211,0.0,1.0,0.0,0.0,10.74853229522705,7428.814184513462,144.44447326660156,0,,,24.05971821784973,0.0,0.0,0.0,0.0,,,,,0.0,,,,,247084291.29785332,4.0472018465735947e-07,,,,,,,,,,,,,,
0.05211178302764893,0.030160464346408844,,0.003703703703703704,0.1216,"[70.98551940917969, 307.2130432128906, 94.68212890625]",0.2433364987373352,354.0725402832031,10.704925537109375,0.0,1.0,0.0,0.0,10.690842628479004,7421.475411189464,144.401611328125,0,,,23.92550857543945,0.0,0.0,0.0,0.0,,,,,0.0,,,,,247084291.29785332,4.0472018465735947e-07,,,,,,,,,,,,,,
0.05314174175262451,0.02894309163093567,,0.003703703703703704,0.1212,"[70.52055358886719, 294.80718994140625, 95.591064453125]",0.23498103022575378,353.9901428222656,10.70488166809082,0.0,1.0,0.0,0.0,10.690013885498047,7414.089335639682,144.358642578125,0,,,23.925410528182983,0.0,0.0,0.0,0.0,,,,,0.0,,,,,247084291.29785332,4.0472018465735947e-07,,,,,,,,,,,,,,
0.052337512969970704,0.03211348503828049,,0.003703703703703704,0.1212,"[72.59370422363281, 292.9714660644531, 97.0325698852539]",0.23444682359695435,353.90802001953125,10.70483112335205,0.0,1.0,0.0,0.0,10.690422058105469,7406.67127690017,144.31558227539062,0,,,23.92529756069183,0.0,0.0,0.0,0.0,,,,,0.0,,,,,247084291.29785332,4.0472018465735947e-07,,,,,,,,,,,,,,
0.05120005130767822,0.030468503013253212,,0.003703703703703704,0.1212,"[75.2740249633789, 288.4920654296875, 100.7392807006836]",0.23277321457862854,353.8257751464844,10.704785346984863,0.0,1.0,0.0,0.0,10.691012382507324,7399.238310011208,144.27247619628906,0,,,23.92519525051117,0.0,0.0,0.0,0.0,,,,,0.0,,,,,247084291.29785332,4.0472018465735947e-07,,,,,,,,,,,,,,
0.05262719631195068,0.031130509451031685,,0.003703703703703704,0.1213,"[68.22123718261719, 292.4027404785156, 89.19171142578125]",0.23172630369663239,353.74371337890625,10.654735565185547,0.0,1.0,0.0,0.0,10.640874862670898,7391.800117272981,144.2297821044922,0,,,23.813333988189697,0.0,0.0,0.0,0.0,,,,,0.0,,,,,247084291.29785332,4.0472018465735947e-07,,,,,,,,,,,,,,
0.053737854957580565,0.028418414294719696,,0.003703703703703704,0.1213,"[75.47590637207031, 293.7464599609375, 99.89776611328125]",0.23628821969032288,353.66180419921875,10.704687118530273,0.0,1.0,0.0,0.0,10.689075469970703,7384.3620221147985,144.18650817871094,0,,,23.92497570991516,0.0,0.0,0.0,0.0,,,,,0.0,,,,,247084291.29785332,4.0472018465735947e-07,,,,,,,,,,,,,,
0.053974761962890624,0.029604332521557808,,0.003703703703703704,0.1213,"[64.63993835449219, 301.767822265625, 88.13807678222656]",0.2375522255897522,353.5806579589844,10.634637832641602,0.0,1.0,0.0,0.0,10.619733810424805,7376.99096859742,144.14378356933594,0,,,23.76841555595398,0.0,0.0,0.0,0.0,,,,,0.0,,,,,244126144.08634913,4.0962429638273115e-07,,,,,,,,,,,,,,
0.055511455535888675,0.03022051230072975,,0.003703703703703704,0.1215,"[46.178653717041016, 307.8617248535156, 90.38569641113281]",0.23998214304447174,353.4993896484375,10.754593849182129,0.0,1.0,0.0,0.0,10.738207817077637,7369.562070933119,144.1007080078125,0,,,24.036517252922057,0.0,0.0,0.0,0.0,,,,,0.0,,,,,244126144.08634913,4.0962429638273115e-07,,,,,,,,,,,,,,
0.05421360492706299,0.028211819007992744,,0.003703703703703704,0.1217,"[44.235233306884766, 305.8702392578125, 82.54313659667969]",0.23686982691287994,353.4183349609375,10.729549407958984,0.0,1.0,0.0,0.0,10.71419906616211,7362.166439794972,144.05809020996094,0,,,23.980542926788328,0.0,0.0,0.0,0.0,,,,,0.0,,,,,244126144.08634913,4.0962429638273115e-07,,,,,,,,,,,,,,
0.056725568771362304,0.028683697804808617,,0.003703703703703704,0.1217,"[40.498661041259766, 310.94549560546875, 88.87370300292969]",0.24139545857906342,353.3370361328125,10.754500389099121,0.0,1.0,0.0,0.0,10.737215995788574,7354.722309935574,144.0149383544922,0,,,24.036308369636533,0.0,0.0,0.0,0.0,,,,,0.0,,,,,244126144.08634913,4.0962429638273115e-07,,,,,,,,,,,,,,
0.05850142002105713,0.030741315335035324,,0.003703703703703704,0.1215,"[38.919315338134766, 314.6446533203125, 94.08521270751953]",0.24499563872814178,353.255615234375,10.75445556640625,0.0,1.0,0.0,0.0,10.735827445983887,7347.270145403001,143.9718017578125,0,,,24.036208190917968,0.0,0.0,0.0,0.0,,,,,0.0,,,,,244126144.08634913,4.0962429638273115e-07,,,,,,,,,,,,,,
0.060687074661254885,0.03216267004609108,,0.003703703703703704,0.1217,"[36.12632369995117, 312.8222961425781, 96.06724548339844]",0.2439573109149933,353.1739807128906,10.754410743713379,0.0,1.0,0.0,0.0,10.734034538269043,7339.793116730369,143.92848205566406,0,,,24.0361080121994,0.0,0.0,0.0,0.0,,,,,0.0,,,,,244126144.08634913,4.0962429638273115e-07,,,,,,,,,,,,,,
0.06180941104888916,0.03384822979569435,,0.003703703703703704,0.1219,"[31.990442276000977, 307.5636901855469, 95.64977264404297]",0.23990178108215332,353.0922546386719,10.754361152648926,0.0,1.0,0.0,0.0,10.732972145080566,7332.324743359259,143.88523864746094,0,,,24.035997176170348,0.0,0.0,0.0,0.0,,,,,0.0,,,,,244126144.08634913,4.0962429638273115e-07,,,,,,,,,,,,,,
0.0632477045059204,0.03207723796367645,,0.003703703703703704,0.1221,"[35.83778762817383, 305.338134765625, 93.97076416015625]",0.23832599818706512,353.0104675292969,10.754317283630371,0.0,1.0,0.0,0.0,10.731819152832031,7324.853771627975,143.84165954589844,0,,,24.03589912891388,0.0,0.0,0.0,0.0,,,,,0.0,,,,,244126144.08634913,4.0962429638273115e-07,,,,,,,,,,,,,,
0.06261161327362061,0.0323878675699234,,0.003703703703703704,0.1221,"[28.348526000976562, 299.5582275390625, 99.57731628417969]",0.23502454161643982,352.9284362792969,10.75426959991455,0.0,1.0,0.0,0.0,10.732270240783691,7317.378006244769,143.79800415039062,0,,,24.03579255580902,0.0,0.0,0.0,0.0,,,,,0.0,,,,,244126144.08634913,4.0962429638273115e-07,,,,,,,,,,,,,,
0.06455404758453369,0.03034980408847332,,0.003703703703703704,0.1221,"[32.688140869140625, 303.872314453125, 101.1164321899414]",0.2387695014476776,352.84649658203125,10.754223823547363,0.0,1.0,0.0,0.0,10.73051643371582,7309.887395761706,143.7541961669922,0,,,24.035690245628356,0.0,0.0,0.0,0.0,,,,,0.0,,,,,244126144.08634913,4.0962429638273115e-07,,,,,,,,,,,,,,
0.06363470077514649,0.029888080433011055,,0.003703703703703704,0.1223,"[26.534809112548828, 307.48858642578125, 106.14495849609375]",0.24213284254074097,352.76422119140625,10.754175186157227,0.0,1.0,0.0,200.06473749513486,10.731330871582031,7302.376262075687,143.7101593017578,0,,,24.0355815410614,0.0,0.0,0.0,0.0,0.8942856502108922,11.182109427386854,2.6333714081491792,3,0.0,,,,,241213524.41497672,4.14570452641631e-07,100.62870025634766,1.905498631275518,,"[13.105210304260254, 49.097145080566406]",336.9783935546875,1019.2601938103422,0.9831150523402268,0.00016201490403872491,1.5017906427383423,0.665871798992157,5,8.844160451292991,0.18575941629849446,0.03845537958860244
0.06535758495330811,0.031887706369161606,,0.003703703703703704,0.1223,"[31.606462478637695, 302.7924499511719, 104.68669128417969]",0.2388964146375656,352.681884765625,10.754128456115723,0.0,1.0,0.0,0.0,10.729772567749023,7294.852519468573,143.66583251953125,0,,,24.03547709941864,0.0,0.0,0.0,0.0,,,,,0.0,,,,,241213524.41497672,4.14570452641631e-07,,,,,,,,,,,,,,
0.06567151546478271,0.035112276673316956,,0.003703703703703704,0.1223,"[32.291988372802734, 297.80047607421875, 105.793701171875]",0.23579619824886322,352.5992126464844,10.754083633422852,0.0,1.0,0.0,0.0,10.729514122009277,7287.3066687412165,143.62149047851562,0,,,24.03537692070007,0.0,0.0,0.0,0.0,,,,,0.0,,,,,241213524.41497672,4.14570452641631e-07,,,,,,,,,,,,,,
0.0671305751800537,0.03385910764336586,,0.003703703703703704,0.1223,"[36.31892776489258, 294.1669006347656, 105.10702514648438]",0.23348134756088257,352.5166931152344,10.754037857055664,0.0,1.0,0.0,0.0,10.728150367736816,7279.757616553667,143.57757568359375,0,,,24.03527461051941,0.0,0.0,0.0,0.0,,,,,0.0,,,,,241213524.41497672,4.14570452641631e-07,,,,,,,,,,,,,,
0.06900962352752686,0.03337180241942406,,0.003703703703703704,0.1226,"[37.83515167236328, 294.8221435546875, 112.14532470703125]",0.23591898381710052,352.434326171875,10.753989219665527,0.0,1.0,0.0,0.0,10.726374626159668,7272.231220514018,143.53367614746094,0,,,24.035165905952454,0.0,0.0,0.0,0.0,,,,,0.0,,,,,241213524.41497672,4.14570452641631e-07,,,,,,,,,,,,,,
0.06900468349456787,0.031212523579597473,,0.003703703703703704,0.1226,"[37.096012115478516, 291.1927185058594, 110.49777221679688]",0.2329767942428589,352.3517150878906,10.75394058227539,0.0,1.0,0.0,0.0,10.726378440856934,7264.681175824792,143.48951721191406,0,,,24.035057201385495,0.0,0.0,0.0,0.0,,,,,0.0,,,,,241213524.41497672,4.14570452641631e-07,,,,,,,,,,,,,,
0.0698314619064331,0.03260665759444237,,0.003703703703703704,0.1224,"[38.7180061340332, 290.46087646484375, 111.20451354980469]",0.2328599989414215,352.2690734863281,10.753894805908203,0.0,1.0,0.0,0.0,10.725536346435547,7257.103164106457,143.44532775878906,0,,,24.034954891204833,0.0,0.0,0.0,0.0,,,,,0.0,,,,,241213524.41497672,4.14570452641631e-07,,,,,,,,,,,,,,
0.07150232791900635,0.03339960053563118,,0.003703703703703704,0.1224,"[46.89247131347656, 291.55767822265625, 103.16671752929688]",0.23245929181575775,352.1866149902344,10.753849029541016,0.0,1.0,0.0,0.0,10.723949432373047,7249.532864064563,143.40167236328125,0,,,24.034852581024168,0.0,0.0,0.0,0.0,,,,,0.0,,,,,241213524.41497672,4.14570452641631e-07,,,,,,,,,,,,,,
0.0743122386932373,0.031390707939863205,,0.003703703703703704,0.1224,"[49.80082702636719, 295.0118408203125, 102.30215454101562]",0.23503181338310242,352.1043395996094,10.753805160522461,0.0,1.0,0.0,0.0,10.721287727355957,7241.979804584295,143.35775756835938,0,,,24.0347545337677,0.0,0.0,0.0,0.0,,,,,0.0,,,,,241213524.41497672,4.14570452641631e-07,,,,,,,,,,,,,,
0.0747242259979248,0.032967470586299896,,0.003703703703703704,0.1227,"[50.162052154541016, 290.2128601074219, 104.57136535644531]",0.23236462473869324,352.0223388671875,10.753752708435059,0.0,1.0,0.0,0.0,10.720911026000977,7234.455037097716,143.3140869140625,0,,,24.034637303352355,0.0,0.0,0.0,0.0,,,,,0.0,,,,,241213524.41497672,4.14570452641631e-07,,,,,,,,,,,,,,
0.07656829357147217,0.03464290127158165,,0.003703703703703704,0.1227,"[47.278934478759766, 293.9169006347656, 104.12069702148438]",0.23453931510448456,351.9405212402344,10.753706932067871,0.0,1.0,0.0,0.0,10.719033241271973,7226.93768757712,143.27035522460938,0,,,24.03453499317169,0.0,0.0,0.0,0.0,,,,,0.0,,,,,238337051.07602724,4.19573874680949e-07,,,,,,,,,,,,,,
0.07671922206878662,0.03665579482913017,,0.003703703703703704,0.1227,"[47.39027404785156, 287.41290283203125, 100.51708984375]",0.22921882569789886,351.85858154296875,10.753657341003418,0.0,1.0,0.0,0.0,10.7188720703125,7219.420823706532,143.22645568847656,0,,,24.034424157142638,0.0,0.0,0.0,0.0,,,,,0.0,,,,,238337051.07602724,4.19573874680949e-07,,,,,,,,,,,,,,
0.07777000904083252,0.037270285189151764,,0.003703703703703704,0.1228,"[48.99810028076172, 287.2373352050781, 96.05750274658203]",0.22827942669391632,351.77667236328125,10.753617286682129,0.0,1.0,0.0,0.0,10.71799087524414,7211.911172362394,143.18247985839844,0,,,24.034334635734556,0.0,0.0,0.0,0.0,,,,,0.0,,,,,238337051.07602724,4.19573874680949e-07,,,,,,,,,,,,,,
0.07709295272827149,0.041020266711711884,,0.003703703703703704,0.1227,"[54.88862228393555, 284.5858154296875, 87.5753402709961]",0.22532908618450165,351.69512939453125,10.753573417663574,0.0,1.0,0.0,0.0,10.718728065490723,7204.435001514348,143.13890075683594,0,,,24.034236588478088,0.0,0.0,0.0,0.0,,,,,0.0,,,,,238337051.07602724,4.19573874680949e-07,,,,,,,,,,,,,,
0.07920748710632325,0.04257478564977646,,0.003703703703703704,0.1227,"[59.38551330566406, 285.37664794921875, 110.81822967529297]",0.23213593661785126,351.6144104003906,10.6835298538208,0.0,1.0,0.0,0.0,10.648080825805664,7197.049972445178,143.0953369140625,0,,,23.87768922328949,0.0,0.0,0.0,0.0,,,,,0.0,,,,,238337051.07602724,4.19573874680949e-07,,,,,,,,,,,,,,
0.07874560832977295,0.042948730289936066,,0.003703703703703704,0.1225,"[56.460079193115234, 292.8466796875, 105.39476776123047]",0.23551881313323975,351.5343322753906,10.683487892150879,0.0,1.0,0.0,0.0,10.648382186889648,7189.719727077267,143.05221557617188,0,,,23.87759543895721,0.0,0.0,0.0,0.0,,,,,0.0,,,,,238337051.07602724,4.19573874680949e-07,,,,,,,,,,,,,,
0.0796012020111084,0.041570987552404404,,0.003703703703703704,0.1224,"[69.97900390625, 281.4791564941406, 112.380859375]",0.2316594421863556,351.4542541503906,10.613446235656738,0.0,1.0,0.0,0.0,10.576190948486328,7182.379992525989,143.01007080078125,0,,,23.721052336692807,0.0,0.0,0.0,0.0,,,,,0.0,,,,,238337051.07602724,4.19573874680949e-07,,,,,,,,,,,,,,
0.07946761131286621,0.04106782004237175,,0.003703703703703704,0.1226,"[67.49823760986328, 281.2584228515625, 113.38127136230469]",0.23142720758914948,351.3739929199219,10.613404273986816,0.0,1.0,0.0,0.0,10.576240539550781,7175.035156361973,142.96812438964844,0,,,23.720958552360532,0.0,0.0,0.0,0.0,,,,,0.0,,,,,238337051.07602724,4.19573874680949e-07,,,,,,,,,,,,,,
0.07954058170318604,0.042752910405397415,,0.003703703703703704,0.1223,"[66.39863586425781, 278.27020263671875, 110.7092056274414]",0.22856351733207703,351.29412841796875,10.613365173339844,0.0,1.0,0.0,0.0,10.5761137008667,7167.714094617221,142.9263916015625,0,,,23.72087116241455,0.0,0.0,0.0,0.0,,,,,0.0,,,,,238337051.07602724,4.19573874680949e-07,,,,,,,,,,,,,,
0.0801502799987793,0.040962085127830505,,0.003703703703703704,0.1223,"[66.89800262451172, 282.9208984375, 112.15261840820312]",0.23223020136356354,351.2147521972656,10.588329315185547,0.0,1.0,0.0,0.0,10.551087379455566,7160.4489206892,142.88543701171875,0,,,23.664916019439698,0.0,0.0,0.0,0.0,,,,,0.0,,,,,238337051.07602724,4.19573874680949e-07,,,,,,,,,,,,,,
0.07959561347961426,0.042295120656490326,,0.003703703703703704,0.1223,"[73.28907775878906, 279.2432556152344, 108.6295394897461]",0.2299407422542572,351.1351623535156,10.613286018371582,0.0,1.0,0.0,198.54311262445623,10.576011657714844,7153.176867241664,142.84417724609375,0,,,23.720694251060486,0.0,0.0,0.0,0.0,0.8483602115229215,11.787445785615812,2.63333824995919,3,0.0,,,,,235513339.88045385,4.246043984207426e-07,173.7021026611328,1.864672996690704,,"[13.09664535522461, 49.914127349853516, 173.7021026611328]",335.37060546875,1013.9335350584549,0.9829541602539708,0.00016201490403872491,1.5088801383972168,0.6627432107925415,6,8.83093854188919,0.07169491623034585,0.05172002943152017
0.07931645393371582,0.041154876351356506,,0.003703703703703704,0.1226,"[74.92565155029297, 273.3203430175781, 109.74445343017578]",0.22660115361213684,351.0553894042969,10.613245010375977,0.0,1.0,0.0,0.0,10.576297760009766,7145.898950142745,142.8028564453125,0,,,23.720602598190307,0.0,0.0,0.0,0.0,,,,,0.0,,,,,235513339.88045385,4.246043984207426e-07,,,,,,,,,,,,,,
0.07781739711761475,0.04308968782424927,,0.003703703703703704,0.1226,"[73.94511413574219, 274.4718933105469, 115.83338165283203]",0.22892187535762787,350.9764404296875,10.588203430175781,0.0,1.0,0.0,0.0,10.552725791931152,7138.687171966038,142.76173400878906,0,,,23.66463466644287,0.0,0.0,0.0,0.0,,,,,0.0,,,,,235513339.88045385,4.246043984207426e-07,,,,,,,,,,,,,,
0.07594445705413819,0.043611690402030945,,0.003703703703703704,0.1226,"[69.01897430419922, 275.9109802246094, 117.77947998046875]",0.2296326458454132,350.8976135253906,10.613164901733398,0.0,1.0,0.0,0.0,10.579672813415527,7131.4544262225045,142.72036743164062,0,,,23.720423555374143,0.0,0.0,0.0,0.0,,,,,0.0,,,,,235513339.88045385,4.246043984207426e-07,,,,,,,,,,,,,,
0.07545298099517822,0.04524189233779907,,0.003703703703703704,0.1229,"[67.30817413330078, 272.1708068847656, 117.15414428710938]",0.2267209142446518,350.81915283203125,10.61312484741211,0.0,1.0,0.0,0.0,10.580034255981445,7124.257522650059,142.6791229248047,0,,,23.720334033966065,0.0,0.0,0.0,0.0,,,,,0.0,,,,,235513339.88045385,4.246043984207426e-07,,,,,,,,,,,,,,
0.0769365406036377,0.04615001380443573,,0.003703703703703704,0.1226,"[68.3128433227539, 272.3348083496094, 114.22472381591797]",0.22621649503707886,350.7406921386719,10.61308479309082,0.0,1.0,0.0,0.0,10.578543663024902,7117.0856530715255,142.6379852294922,0,,,23.720244512557983,0.0,0.0,0.0,0.0,,,,,0.0,,,,,235513339.88045385,4.246043984207426e-07,,,,,,,,,,,,,,
0.07773187637329101,0.046278756111860275,,0.003703703703703704,0.1226,"[69.36787414550781, 272.2896728515625, 117.5906753540039]",0.22737453877925873,350.6625061035156,10.613046646118164,0.0,1.0,0.0,0.0,10.577781677246094,7109.923504791528,142.59677124023438,0,,,23.720159254074094,0.0,0.0,0.0,0.0,,,,,0.0,,,,,235513339.88045385,4.246043984207426e-07,,,,,,,,,,,,,,
0.07856165409088135,0.04682472348213196,,0.003703703703703704,0.1224,"[70.12335968017578, 271.5014953613281, 104.11651611328125]",0.22333203256130219,350.5845642089844,10.588007926940918,0.0,1.0,0.0,0.0,10.552282333374023,7102.795194030112,142.5556640625,0,,,23.664197716712952,0.0,0.0,0.0,0.0,,,,,0.0,,,,,235513339.88045385,4.246043984207426e-07,,,,,,,,,,,,,,
0.07901247024536133,0.04624554142355919,,0.003703703703703704,0.1225,"[76.74647521972656, 265.2274475097656, 114.1662826538086]",0.22313131392002106,350.5067443847656,10.612966537475586,0.0,1.0,0.0,0.0,10.576374053955078,7095.661269079791,142.51414489746094,0,,,23.719980211257933,0.0,0.0,0.0,0.0,,,,,0.0,,,,,235513339.88045385,4.246043984207426e-07,,,,,,,,,,,,,,
0.08074280738830567,0.04829353839159012,,0.003703703703703704,0.1224,"[77.0140609741211, 268.137939453125, 121.4135513305664]",0.2272702306509018,350.4289855957031,10.612929344177246,0.0,1.0,0.0,0.0,10.574797630310059,7088.505495839138,142.47218322753906,0,,,23.719897084236145,0.0,0.0,0.0,0.0,,,,,0.0,,,,,235513339.88045385,4.246043984207426e-07,,,,,,,,,,,,,,
0.08288774490356446,0.045810263603925705,,0.003703703703703704,0.1224,"[75.80538940429688, 271.96746826171875, 120.88623809814453]",0.22946715354919434,350.3511657714844,10.612890243530273,0.0,1.0,0.0,0.0,10.57251262664795,7081.348363882598,142.4302978515625,0,,,23.71980969429016,0.0,0.0,0.0,0.0,,,,,0.0,,,,,232729074.1027586,4.2968417412190733e-07,,,,,,,,,,,,,,
0.08204836845397949,0.04646847024559975,,0.003703703703703704,0.1225,"[80.9628677368164, 272.4703369140625, 117.0522232055664]",0.22972549498081207,350.27374267578125,10.612850189208984,0.0,1.0,0.0,0.0,10.573521614074707,7074.173189847342,142.38880920410156,0,,,23.719720172882077,0.0,0.0,0.0,0.0,,,,,0.0,,,,,232729074.1027586,4.2968417412190733e-07,,,,,,,,,,,,,,
0.08407768249511718,0.04849919304251671,,0.003703703703703704,0.122,"[76.39181518554688, 278.1549072265625, 119.92976379394531]",0.23350673913955688,350.1963195800781,10.612814903259277,0.0,1.0,0.0,0.0,10.571220397949219,7067.011980480425,142.3470458984375,0,,,23.719641308784485,0.0,0.0,0.0,0.0,,,,,0.0,,,,,232729074.1027586,4.2968417412190733e-07,,,,,,,,,,,,,,
0.08422075271606445,0.04859562963247299,,0.003703703703703704,0.122,"[76.38866424560547, 275.56915283203125, 117.3578872680664]",0.23110176622867584,350.119384765625,10.612778663635254,0.0,1.0,0.0,0.0,10.571141242980957,7059.880461169265,142.3052520751953,0,,,23.71956031322479,0.0,0.0,0.0,0.0,,,,,0.0,,,,,232729074.1027586,4.2968417412190733e-07,,,,,,,,,,,,,,
0.0866497802734375,0.04597318917512894,,0.003703703703703704,0.122,"[74.87751770019531, 279.2426452636719, 124.83019256591797]",0.23549185693264008,350.0425109863281,10.612740516662598,0.0,1.0,0.0,0.0,10.568480491638184,7052.7481149928235,142.26356506347656,0,,,23.719475054740904,0.0,0.0,0.0,0.0,,,,,0.0,,,,,232729074.1027586,4.2968417412190733e-07,,,,,,,,,,,,,,
0.08750349044799804,0.04837418347597122,,0.003703703703703704,0.1222,"[75.47273254394531, 279.8702392578125, 126.4150161743164]",0.2365390956401825,349.9660949707031,10.612701416015625,0.0,1.0,0.0,0.0,10.567631721496582,7045.646160011074,142.22201538085938,0,,,23.71938766479492,0.0,0.0,0.0,0.0,,,,,0.0,,,,,232729074.1027586,4.2968417412190733e-07,,,,,,,,,,,,,,
0.08811996459960937,0.05152924358844757,,0.003703703703703704,0.1222,"[72.31085968017578, 283.6980285644531, 123.09918975830078]",0.23761063814163208,349.8900146484375,10.612667083740234,0.0,1.0,0.0,0.0,10.566776275634766,7038.568477611854,142.18045043945312,0,,,23.719310932159424,0.0,0.0,0.0,0.0,,,,,0.0,,,,,232729074.1027586,4.2968417412190733e-07,,,,,,,,,,,,,,
0.08864484786987305,0.05061083287000656,,0.003703703703703704,0.1222,"[68.1871109008789, 283.1347351074219, 124.468505859375]",0.23700383305549622,349.8139953613281,10.612631797790527,0.0,1.0,0.0,0.0,10.566313743591309,7031.5114628120955,142.1389617919922,0,,,23.719232068061828,0.0,0.0,0.0,0.0,,,,,0.0,,,,,232729074.1027586,4.2968417412190733e-07,,,,,,,,,,,,,,
0.08804452896118165,0.05089331045746803,,0.003703703703703704,0.1226,"[66.13404083251953, 283.6395263671875, 124.761474609375]",0.23715506494045258,349.7383117675781,10.612591743469238,0.0,1.0,0.0,0.0,10.567070007324219,7024.4844945852,142.097412109375,0,,,23.719142546653746,0.0,0.0,0.0,0.0,,,,,0.0,,,,,232729074.1027586,4.2968417412190733e-07,,,,,,,,,,,,,,
0.08945636749267578,0.051273565739393234,,0.003703703703703704,0.1226,"[67.29258728027344, 288.38226318359375, 125.52822875976562]",0.24079053103923798,349.66278076171875,10.612554550170898,0.0,1.0,0.0,0.0,10.565425872802734,7017.469898527192,142.05593872070312,0,,,23.719059419631957,0.0,0.0,0.0,0.0,,,,,0.0,,,,,232729074.1027586,4.2968417412190733e-07,,,,,,,,,,,,,,
0.08941683769226075,0.051031503826379776,,0.003703703703703704,0.1227,"[66.85565185546875, 289.9769592285156, 116.29067993164062]",0.2392391711473465,349.5875244140625,10.587520599365234,0.0,1.0,0.0,195.97201300299707,10.540602684020996,7010.498714074152,142.01441955566406,0,,,23.663108539581298,0.0,0.0,0.0,0.0,0.919070819789815,10.880554343229969,2.582596707184989,3,0.0,,,,,230038759.1373345,4.3470935235005075e-07,268.92120361328125,1.9056105157026555,,"[13.078649520874023, 50.369956970214844, 183.59242248535156]",333.8702392578125,1008.5302975267907,0.9828019407324581,0.00016201490403872491,1.5163390636444092,0.6594831347465515,5,8.817027646303176,0.18580989780639479,0.03427054622226935
0.08942391395568848,0.05237847566604614,,0.003703703703703704,0.1227,"[66.27050018310547, 289.7684631347656, 126.05972290039062]",0.24181649088859558,349.5116882324219,10.587488174438477,0.0,1.0,0.0,0.0,10.54092025756836,7003.509259795497,141.97264099121094,0,,,23.663036069869992,0.0,0.0,0.0,0.0,,,,,0.0,,,,,230038759.1373345,4.3470935235005075e-07,,,,,,,,,,,,,,
0.09078277587890625,0.05073411017656326,,0.003703703703703704,0.1228,"[68.68377685546875, 294.1797180175781, 129.31187438964844]",0.24615688621997833,349.4359436035156,10.612451553344727,0.0,1.0,0.0,0.0,10.563738822937012,6996.521100790385,141.93081665039062,0,,,23.718829221725464,0.0,0.0,0.0,0.0,,,,,0.0,,,,,230038759.1373345,4.3470935235005075e-07,,,,,,,,,,,,,,
0.09072519302368164,0.050249479711055756,,0.003703703703703704,0.1228,"[67.87702941894531, 296.92291259765625, 119.86652374267578]",0.24524492025375366,349.3598327636719,10.587410926818848,0.0,1.0,0.0,0.0,10.538555145263672,6989.535345820544,141.8886260986328,0,,,23.66286342144012,0.0,0.0,0.0,0.0,,,,,0.0,,,,,230038759.1373345,4.3470935235005075e-07,,,,,,,,,,,,,,
0.08979433059692382,0.05084150284528732,,0.003703703703703704,0.1228,"[68.43339538574219, 298.7388610839844, 109.77511596679688]",0.243963360786438,349.2841491699219,10.612378120422363,0.0,1.0,0.0,0.0,10.564997673034668,6982.5536023055165,141.84640502929688,0,,,23.71866509914398,0.0,0.0,0.0,0.0,,,,,0.0,,,,,230038759.1373345,4.3470935235005075e-07,,,,,,,,,,,,,,
0.09054856300354004,0.05151211842894554,,0.003703703703703704,0.1229,"[69.65258026123047, 303.1991271972656, 111.22261810302734]",0.24763882160186768,349.20855712890625,10.612344741821289,0.0,1.0,0.0,0.0,10.564082145690918,6975.586314928198,141.80426025390625,0,,,23.71859049797058,0.0,0.0,0.0,0.0,,,,,0.0,,,,,230038759.1373345,4.3470935235005075e-07,,,,,,,,,,,,,,
0.09180185317993164,0.048409875482320786,,0.003703703703703704,0.1229,"[70.80668640136719, 301.93359375, 112.43073272705078]",0.24731025099754333,349.1329650878906,10.612313270568848,0.0,1.0,0.0,0.0,10.562579154968262,6968.643256843294,141.7620086669922,0,,,23.718520159721372,0.0,0.0,0.0,0.0,,,,,0.0,,,,,230038759.1373345,4.3470935235005075e-07,,,,,,,,,,,,,,
0.0917755889892578,0.048396382480859756,,0.003703703703703704,0.1229,"[70.80652618408203, 298.33026123046875, 113.42582702636719]",0.24514731764793396,349.0575866699219,10.612277030944824,0.0,1.0,0.0,0.0,10.562657356262207,6961.720456177172,141.71957397460938,0,,,23.71843916416168,0.0,0.0,0.0,0.0,,,,,0.0,,,,,230038759.1373345,4.3470935235005075e-07,,,,,,,,,,,,,,
0.09385194778442382,0.04797414317727089,,0.003703703703703704,0.1228,"[70.06526947021484, 301.162353515625, 108.45695495605469]",0.2457592636346817,348.9820251464844,10.6122465133667,0.0,1.0,0.0,0.0,10.56008529663086,6954.812612621335,141.67681884765625,0,,,23.71837095737457,0.0,0.0,0.0,0.0,,,,,0.0,,,,,230038759.1373345,4.3470935235005075e-07,,,,,,,,,,,,,,
0.09538579940795898,0.04760118946433067,,0.003703703703703704,0.1223,"[67.8471450805664, 299.0338134765625, 108.97224426269531]",0.24411886930465698,348.90655517578125,10.612210273742676,0.0,1.0,0.0,0.0,10.558009147644043,6947.9166788674365,141.6343536376953,0,,,23.71828996181488,0.0,0.0,0.0,0.0,,,,,0.0,,,,,230038759.1373345,4.3470935235005075e-07,,,,,,,,,,,,,,
0.0980604362487793,0.046293411403894424,,0.003703703703703704,0.1222,"[68.0723648071289, 303.4818420410156, 109.05730438232422]",0.2472943663597107,348.831298828125,10.612177848815918,0.0,1.0,0.0,0.0,10.554512977600098,6941.045528624998,141.591796875,0,,,23.718217492103577,0.0,0.0,0.0,0.0,,,,,0.0,,,,,227413436.8208467,4.397277548677947e-07,,,,,,,,,,,,,,
0.09597877502441406,0.046373751014471054,,0.003703703703703704,0.1222,"[64.69598388671875, 301.6986389160156, 101.51010131835938]",0.24376997351646423,348.7562255859375,10.612147331237793,0.0,1.0,0.0,0.0,10.55728530883789,6934.197153927543,141.54925537109375,0,,,23.718149285316468,0.0,0.0,0.0,0.0,,,,,0.0,,,,,227413436.8208467,4.397277548677947e-07,,,,,,,,,,,,,,
0.09589234352111817,0.043048445135354996,,0.003703703703703704,0.1222,"[62.486846923828125, 297.7572326660156, 92.16119384765625]",0.23861663043498993,348.6815185546875,10.612112045288086,0.0,1.0,0.0,0.0,10.557286262512207,6927.372119990991,141.50636291503906,0,,,23.718070421218872,0.0,0.0,0.0,0.0,,,,,0.0,,,,,227413436.8208467,4.397277548677947e-07,,,,,,,,,,,,,,
0.09605701446533203,0.04105718433856964,,0.003703703703703704,0.1222,"[63.4063835144043, 302.0322570800781, 91.2886734008789]",0.24162134528160095,348.60699462890625,10.612081527709961,0.0,1.0,0.0,0.0,10.557028770446777,6920.5597446152815,141.4632568359375,0,,,23.71800221443176,0.0,0.0,0.0,0.0,,,,,0.0,,,,,227413436.8208467,4.397277548677947e-07,,,,,,,,,,,,,,
0.09608698844909667,0.042141299694776535,,0.003703703703703704,0.1222,"[60.238643646240234, 293.29229736328125, 85.04513549804688]",0.23372773826122284,348.53240966796875,10.612048149108887,0.0,1.0,0.0,0.0,10.557024002075195,6913.745336528892,141.4200439453125,0,,,23.71792761325836,0.0,0.0,0.0,0.0,,,,,0.0,,,,,227413436.8208467,4.397277548677947e-07,,,,,,,,,,,,,,
0.0952628231048584,0.04080115258693695,,0.003703703703703704,0.1227,"[66.77703857421875, 297.0292053222656, 87.36088562011719]",0.23788338899612427,348.4579772949219,10.612016677856445,0.0,1.0,0.0,0.0,10.558052062988281,6906.948971953032,141.3765106201172,0,,,23.717857275009155,0.0,0.0,0.0,0.0,,,,,0.0,,,,,227413436.8208467,4.397277548677947e-07,,,,,,,,,,,,,,
0.09476821899414062,0.042623121291399,,0.003703703703703704,0.1227,"[64.51433563232422, 292.98468017578125, 91.83551788330078]",0.23568913340568542,348.38323974609375,10.61198616027832,0.0,1.0,0.0,0.0,10.558752059936523,6900.131381565586,141.33297729492188,0,,,23.717789068222043,0.0,0.0,0.0,0.0,,,,,0.0,,,,,227413436.8208467,4.397277548677947e-07,,,,,,,,,,,,,,
0.0944552993774414,0.04282878339290619,,0.003703703703703704,0.1229,"[57.011131286621094, 286.3879089355469, 87.02393341064453]",0.22893959283828735,348.3084411621094,10.611956596374512,0.0,1.0,0.0,0.0,10.55919075012207,6893.3142074763255,141.28927612304688,0,,,23.717722992897034,0.0,0.0,0.0,0.0,,,,,0.0,,,,,227413436.8208467,4.397277548677947e-07,,,,,,,,,,,,,,
0.09206608772277831,0.045459501445293427,,0.003703703703703704,0.1227,"[55.132911682128906, 287.03387451171875, 90.76300811767578]",0.23000013828277588,348.2336730957031,10.611927032470703,0.0,1.0,0.0,0.0,10.562294006347656,6886.511354612461,141.24546813964844,0,,,23.71765691757202,0.0,0.0,0.0,0.0,,,,,0.0,,,,,227413436.8208467,4.397277548677947e-07,,,,,,,,,,,,,,
0.09049182891845703,0.044586680829524994,,0.003703703703703704,0.1226,"[52.265506744384766, 286.71221923828125, 95.55352783203125]",0.2305368185043335,348.1593017578125,10.611898422241211,0.0,1.0,0.0,0.0,10.564196586608887,6879.7301152053915,141.2014617919922,0,,,23.717592973709106,0.0,0.0,0.0,0.0,,,,,0.0,,,,,227413436.8208467,4.397277548677947e-07,,,,,,,,,,,,,,
0.08816116333007812,0.042566556483507156,,0.003703703703703704,0.1226,"[51.7730598449707, 288.2506103515625, 97.94354248046875]",0.23216578364372253,348.0848693847656,10.611872673034668,0.0,1.0,0.0,194.69719127177228,10.566922187805176,6872.951382476268,141.1574249267578,0,,,23.71753542423248,0.0,0.0,0.0,0.0,0.8627268116666651,11.591154772020388,2.5805216136161593,3,0.0,,,,,224842485.7419352,4.4475580168943615e-07,385.27484130859375,1.929984217370249,,"[13.030391693115234, 50.537925720214844, 189.20114135742188]",332.52862548828125,1003.0997140259949,0.9826640991589921,0.00016201490403872491,1.524380087852478,0.6560043692588806,6,8.802031136155128,0.09240269732234563,0.04987094142833534
0.08780385971069336,0.042787037789821625,,0.003703703703703704,0.1222,"[46.44797897338867, 285.59930419921875, 95.79097747802734]",0.2291959971189499,348.0101623535156,10.61184310913086,0.0,1.0,0.0,0.0,10.567442893981934,6866.162611470942,141.11312866210938,0,,,23.717469348907468,0.0,0.0,0.0,0.0,,,,,0.0,,,,,224842485.7419352,4.4475580168943615e-07,,,,,,,,,,,,,,
0.0886217212677002,0.04113944247364998,,0.003703703703703704,0.1225,"[44.4753532409668, 287.4202575683594, 93.123046875]",0.229685977101326,347.9355773925781,10.586817741394043,0.0,1.0,0.0,0.0,10.540765762329102,6859.48545035945,141.06849670410156,0,,,23.661537652015685,0.0,0.0,0.0,0.0,,,,,0.0,,,,,224842485.7419352,4.4475580168943615e-07,,,,,,,,,,,,,,
0.08573603630065918,0.0396394319832325,,0.003703703703703704,0.1223,"[40.311004638671875, 281.84844970703125, 93.7706069946289]",0.22550103068351746,347.86053466796875,10.611788749694824,0.0,1.0,0.0,0.0,10.569683074951172,6852.773032030648,141.0239715576172,0,,,23.71734785556793,0.0,0.0,0.0,0.0,,,,,0.0,,,,,224842485.7419352,4.4475580168943615e-07,,,,,,,,,,,,,,
0.0841142749786377,0.0417405404150486,,0.003703703703703704,0.1223,"[29.0891056060791, 279.5884704589844, 96.53553009033203]",0.22362910211086273,347.7855224609375,10.611761093139648,0.0,1.0,0.0,0.0,10.571430206298828,6846.066569312015,140.97926330566406,0,,,23.717286043167114,0.0,0.0,0.0,0.0,,,,,0.0,,,,,224842485.7419352,4.4475580168943615e-07,,,,,,,,,,,,,,
0.0816081428527832,0.043291125446558,,0.003703703703703704,0.1223,"[28.10834503173828, 277.4725646972656, 93.32533264160156]",0.22132737934589386,347.7099609375,10.611733436584473,0.0,1.0,0.0,0.0,10.574106216430664,6839.342600430728,140.93431091308594,0,,,23.717224230766295,0.0,0.0,0.0,0.0,,,,,0.0,,,,,224842485.7419352,4.4475580168943615e-07,,,,,,,,,,,,,,
0.08279911041259766,0.04417445883154869,,0.003703703703703704,0.1223,"[14.495147705078125, 287.4646301269531, 96.746826171875]",0.22856920957565308,347.6354675292969,10.681709289550781,0.0,1.0,0.0,0.0,10.640342712402344,6832.731568442741,140.88922119140625,0,,,23.873620262145995,0.0,0.0,0.0,0.0,,,,,0.0,,,,,224842485.7419352,4.4475580168943615e-07,,,,,,,,,,,,,,
0.08228843688964843,0.04564286395907402,,0.003703703703703704,0.1217,"[17.466266632080078, 287.0240478515625, 103.21026611328125]",0.23001842200756073,347.56085205078125,10.681684494018555,0.0,1.0,0.0,0.0,10.640710830688477,6826.125929583527,140.8441162109375,0,,,23.87356484413147,0.0,0.0,0.0,0.0,,,,,0.0,,,,,224842485.7419352,4.4475580168943615e-07,,,,,,,,,,,,,,
0.08105282783508301,0.045977357774972916,,0.003703703703703704,0.1216,"[20.877748489379883, 287.127197265625, 97.29513549804688]",0.22883537411689758,347.4862365722656,10.681659698486328,0.0,1.0,0.0,0.0,10.642086029052734,6819.522115697565,140.79901123046875,0,,,23.873509426116943,0.0,0.0,0.0,0.0,,,,,0.0,,,,,224842485.7419352,4.4475580168943615e-07,,,,,,,,,,,,,,
0.0803769874572754,0.04618598148226738,,0.003703703703703704,0.1217,"[21.6922550201416, 292.8417663574219, 94.88748931884766]",0.23243223130702972,347.4116516113281,10.681636810302734,0.0,1.0,0.0,0.0,10.64282512664795,6812.937363791447,140.75392150878906,0,,,23.87345827102661,0.0,0.0,0.0,0.0,,,,,0.0,,,,,224842485.7419352,4.4475580168943615e-07,,,,,,,,,,,,,,
0.08306970596313476,0.04609154164791107,,0.003703703703703704,0.1215,"[18.186113357543945, 297.056396484375, 90.55011749267578]",0.2343553900718689,347.3368225097656,10.656615257263184,0.0,1.0,0.0,0.0,10.615839004516602,6806.356569491137,140.70855712890625,0,,,23.817535099983214,0.0,0.0,0.0,0.0,,,,,0.0,,,,,222274269.3643034,4.498946292164022e-07,,,,,,,,,,,,,,
0.08157517433166504,0.04921890050172806,,0.003703703703703704,0.1215,"[10.985908508300781, 300.1905517578125, 80.52465057373047]",0.23433901369571686,347.262451171875,10.611591339111328,0.0,1.0,0.0,0.0,10.572802543640137,6799.835467167549,140.66421508789062,0,,,23.716906642913816,0.0,0.0,0.0,0.0,,,,,0.0,,,,,222274269.3643034,4.498946292164022e-07,,,,,,,,,,,,,,
0.08070996284484863,0.050256237387657166,,0.003703703703703704,0.1218,"[0.22925658524036407, 291.69580078125, 73.4429931640625]",0.22670124471187592,347.1885070800781,10.541568756103516,0.0,1.0,0.0,0.0,10.501997947692871,6793.356405804887,140.6207275390625,0,,,23.560406169891355,0.0,0.0,0.0,0.0,,,,,0.0,,,,,222274269.3643034,4.498946292164022e-07,,,,,,,,,,,,,,
0.0811582088470459,0.04932830482721329,,0.003703703703703704,0.1217,"[6.16529655456543, 286.72637939453125, 59.55351638793945]",0.22080041468143463,347.1148681640625,10.481546401977539,0.0,1.0,0.0,0.0,10.44012451171875,6786.930177493463,140.57754516601562,0,,,23.426256208419797,0.0,0.0,0.0,0.0,,,,,0.0,,,,,222274269.3643034,4.498946292164022e-07,,,,,,,,,,,,,,
0.0833386516571045,0.04995875805616379,,0.003703703703703704,0.1218,"[4.848608493804932, 286.4016418457031, 54.915184020996094]",0.21990132331848145,347.04144287109375,10.481523513793945,0.0,1.0,0.0,0.0,10.437829971313477,6780.574909319118,140.5341339111328,0,,,23.426205053329465,0.0,0.0,0.0,0.0,,,,,0.0,,,,,222274269.3643034,4.498946292164022e-07,,,,,,,,,,,,,,
0.08354326248168946,0.04902910441160202,,0.003703703703703704,0.1218,"[5.127932071685791, 289.8113098144531, 44.391578674316406]",0.2211349755525589,346.968017578125,10.481500625610352,0.0,1.0,0.0,0.0,10.437588691711426,6774.357292786291,140.49081420898438,0,,,23.426153898239136,0.0,0.0,0.0,0.0,,,,,0.0,,,,,222274269.3643034,4.498946292164022e-07,,,,,,,,,,,,,,
0.0823615837097168,0.047249935567379,,0.003703703703703704,0.1219,"[6.593176364898682, 285.03253173828125, 39.99482727050781]",0.2171548306941986,346.8944091796875,10.456476211547852,0.0,1.0,0.0,0.0,10.414704322814941,6768.137999375762,140.4479217529297,0,,,23.370224332809446,0.0,0.0,0.0,0.0,,,,,0.0,,,,,222274269.3643034,4.498946292164022e-07,,,,,,,,,,,,,,
0.08447673797607422,0.045678820461034775,,0.003703703703703704,0.1219,"[3.922172784805298, 285.33502197265625, 37.274688720703125]",0.21711242198944092,346.8211364746094,10.481454849243164,0.0,1.0,0.0,0.0,10.436495780944824,6761.930115542799,140.40467834472656,0,,,23.42605158805847,0.0,0.0,0.0,0.0,,,,,0.0,,,,,222274269.3643034,4.498946292164022e-07,,,,,,,,,,,,,,
0.08613469123840332,0.0463394932448864,,0.003703703703703704,0.122,"[8.92935562133789, 288.36474609375, 37.3511848449707]",0.21951352059841156,346.748291015625,10.48143196105957,0.0,1.0,0.0,0.0,10.434462547302246,6755.754076881193,140.36158752441406,0,,,23.426000432968138,0.0,0.0,0.0,0.0,,,,,0.0,,,,,222274269.3643034,4.498946292164022e-07,,,,,,,,,,,,,,
0.08786934852600098,0.047522932291030884,,0.003703703703703704,0.1227,"[5.429783821105957, 286.7670593261719, 31.594276428222656]",0.2177780717611313,346.6753845214844,10.481414794921875,0.0,1.0,0.0,0.0,10.43235969543457,6749.576015462786,140.3182373046875,0,,,23.42596206665039,0.0,0.0,0.0,0.0,,,,,0.0,,,,,222274269.3643034,4.498946292164022e-07,,,,,,,,,,,,,,
0.08657193183898926,0.04724016413092613,,0.003703703703703704,0.1227,"[7.624549388885498, 280.79766845703125, 30.387666702270508]",0.21328222751617432,346.60272216796875,10.481389999389648,0.0,1.0,0.0,192.80067685361826,10.433815002441406,6743.3973617988,140.27476501464844,0,,,23.425906648635863,0.0,0.0,0.0,0.0,0.9327213039341061,10.72131617217405,2.5639099185343825,3,0.0,,,,,219781585.08397686,4.549971734974555e-07,523.9690551757812,1.9431109077626592,,"[12.998055458068848, 50.586997985839844, 192.19749450683594]",331.1809387207031,997.666317759643,0.9825239634449398,0.00016201490403872491,1.5327200889587402,0.6524348855018616,5,8.786477034091948,0.18368818735386566,0.033381367386214764
0.08611590385437012,0.04473181441426277,,0.003703703703703704,0.1227,"[9.631840705871582, 283.3869934082031, 28.842792510986328]",0.21519245207309723,346.52996826171875,10.48137092590332,0.0,1.0,0.0,0.0,10.434435844421387,6737.235808021203,140.23240661621094,0,,,23.42586401939392,0.0,0.0,0.0,0.0,,,,,0.0,,,,,219781585.08397686,4.549971734974555e-07,,,,,,,,,,,,,,
0.08596449851989746,0.04314934089779854,,0.003703703703703704,0.123,"[8.476424217224121, 286.03399658203125, 25.017711639404297]",0.2169247418642044,346.4574279785156,10.481348037719727,0.0,1.0,0.0,0.0,10.434521675109863,6731.15810062545,140.1907958984375,0,,,23.425812864303587,0.0,0.0,0.0,0.0,,,,,0.0,,,,,219781585.08397686,4.549971734974555e-07,,,,,,,,,,,,,,
0.0869383716583252,0.04485371336340904,,0.003703703703703704,0.123,"[8.23007583618164, 280.9601135253906, 17.182199478149414]",0.21270348131656647,346.384765625,10.481328964233398,0.0,1.0,0.0,0.0,10.433316230773926,6725.171921269611,140.14920043945312,0,,,23.425770235061645,0.0,0.0,0.0,0.0,,,,,0.0,,,,,219781585.08397686,4.549971734974555e-07,,,,,,,,,,,,,,
0.08474749565124512,0.044603731483221054,,0.003703703703703704,0.123,"[7.852662563323975, 275.9242858886719, 20.37314224243164]",0.20910537242889404,346.3121032714844,10.481307029724121,0.0,1.0,0.0,0.0,10.435840606689453,6719.211403723495,140.10751342773438,0,,,23.42572121143341,0.0,0.0,0.0,0.0,,,,,0.0,,,,,219781585.08397686,4.549971734974555e-07,,,,,,,,,,,,,,
0.08353267669677734,0.04564928635954857,,0.003703703703703704,0.1231,"[15.234685897827148, 276.91241455078125, 14.607111930847168]",0.2098482996225357,346.2398681640625,10.481287956237793,0.0,1.0,0.0,0.0,10.437222480773926,6713.2838665457875,140.0658416748047,0,,,23.425678582191466,0.0,0.0,0.0,0.0,,,,,0.0,,,,,219781585.08397686,4.549971734974555e-07,,,,,,,,,,,,,,
0.08329774856567383,0.046556293964385986,,0.003703703703703704,0.1231,"[13.708805084228516, 275.6156005859375, 9.537829399108887]",0.20868434011936188,346.16766357421875,10.481271743774414,0.0,1.0,0.0,0.0,10.437397003173828,6707.359111593751,140.0242462158203,0,,,23.425642347335813,0.0,0.0,0.0,0.0,,,,,0.0,,,,,219781585.08397686,4.549971734974555e-07,,,,,,,,,,,,,,
0.0803289031982422,0.04735419899225235,,0.003703703703703704,0.1229,"[15.487065315246582, 276.45428466796875, 8.087878227233887]",0.20939402282238007,346.0953063964844,10.481252670288086,0.0,1.0,0.0,0.0,10.440502166748047,6701.420067884245,139.9822235107422,0,,,23.42559971809387,0.0,0.0,0.0,0.0,,,,,0.0,,,,,219781585.08397686,4.549971734974555e-07,,,,,,,,,,,,,,
0.08195126533508301,0.04516485333442688,,0.003703703703703704,0.1229,"[13.373588562011719, 278.8795471191406, 14.074511528015137]",0.21136195957660675,346.02288818359375,10.481231689453125,0.0,1.0,0.0,0.0,10.438776969909668,6695.496122706574,139.94036865234375,0,,,23.425552825927735,0.0,0.0,0.0,0.0,,,,,0.0,,,,,219781585.08397686,4.549971734974555e-07,,,,,,,,,,,,,,
0.0828105354309082,0.04413621127605438,,0.003703703703703704,0.1229,"[12.581430435180664, 277.80596923828125, 3.343989372253418]",0.21031145751476288,345.9505615234375,10.48121452331543,0.0,1.0,0.0,0.0,10.43777084350586,6689.5612519826345,139.89845275878906,0,,,23.425514459609985,0.0,0.0,0.0,0.0,,,,,0.0,,,,,219781585.08397686,4.549971734974555e-07,,,,,,,,,,,,,,
0.07970483779907227,0.04334669187664986,,0.003703703703703704,0.1229,"[8.515768051147461, 277.5991516113281, 8.508491516113281]",0.21016272902488708,345.878173828125,10.481195449829102,0.0,1.0,0.0,0.0,10.441004753112793,6683.647419328233,139.85670471191406,0,,,23.42547183036804,0.0,0.0,0.0,0.0,,,,,0.0,,,,,217327295.81802377,4.6013548194026084e-07,,,,,,,,,,,,,,
0.08023384094238281,0.04373643174767494,,0.003703703703703704,0.1229,"[12.303930282592773, 280.2821960449219, 4.307375431060791]",0.21226491034030914,345.8061828613281,10.481175422668457,0.0,1.0,0.0,0.0,10.440342903137207,6677.746011435259,139.8150634765625,0,,,23.425427069664,0.0,0.0,0.0,0.0,,,,,0.0,,,,,217327295.81802377,4.6013548194026084e-07,,,,,,,,,,,,,,
0.07902420043945313,0.04426467791199684,,0.003703703703703704,0.1229,"[12.099479675292969, 277.3697509765625, -3.6506640911102295]",0.21009042859077454,345.73468017578125,10.481156349182129,0.0,1.0,0.0,0.0,10.441577911376953,6671.876190836556,139.77398681640625,0,,,23.425384440422057,0.0,0.0,0.0,0.0,,,,,0.0,,,,,217327295.81802377,4.6013548194026084e-07,,,,,,,,,,,,,,
0.08012996673583984,0.04500342905521393,,0.003703703703703704,0.1229,"[13.405645370483398, 278.948486328125, -5.253529071807861]",0.21138876676559448,345.66326904296875,10.481139183044434,0.0,1.0,0.0,0.0,10.440330505371094,6665.999272730483,139.73306274414062,0,,,23.425346074104308,0.0,0.0,0.0,0.0,,,,,0.0,,,,,217327295.81802377,4.6013548194026084e-07,,,,,,,,,,,,,,
0.08083489418029785,0.04804842546582222,,0.003703703703703704,0.1229,"[11.476048469543457, 274.3514404296875, -8.0083646774292]",0.20793846249580383,345.59197998046875,10.481117248535156,0.0,1.0,0.0,0.0,10.439574241638184,6660.132204899379,139.69236755371094,0,,,23.425297050476072,0.0,0.0,0.0,0.0,,,,,0.0,,,,,217327295.81802377,4.6013548194026084e-07,,,,,,,,,,,,,,
0.08011629104614258,0.047835301607847214,,0.003703703703703704,0.1235,"[10.64806842803955, 278.68792724609375, -9.350914001464844]",0.21126386523246765,345.52081298828125,10.481098175048828,0.0,1.0,0.0,0.0,10.440263748168945,6654.262797616875,139.65184020996094,0,,,23.42525442123413,0.0,0.0,0.0,0.0,,,,,0.0,,,,,217327295.81802377,4.6013548194026084e-07,,,,,,,,,,,,,,
0.07808182716369629,0.04999576508998871,,0.003703703703703704,0.1236,"[6.473532676696777, 273.4408264160156, -6.061068058013916]",0.2071671485900879,345.4493408203125,10.481080055236816,0.0,1.0,0.0,0.0,10.442481994628906,6648.373577171365,139.61155700683594,0,,,23.425213923454283,0.0,0.0,0.0,0.0,,,,,0.0,,,,,217327295.81802377,4.6013548194026084e-07,,,,,,,,,,,,,,
0.07857373237609863,0.0518040657043457,,0.003703703703703704,0.1236,"[-4.726486682891846, 278.3789367675781, 9.058100700378418]",0.210979625582695,345.3779602050781,10.481060028076172,0.0,1.0,0.0,0.0,10.441858291625977,6642.503405669792,139.57139587402344,0,,,23.425169162750244,0.0,0.0,0.0,0.0,,,,,0.0,,,,,217327295.81802377,4.6013548194026084e-07,,,,,,,,,,,,,,
0.07995137214660644,0.05119466409087181,,0.003703703703703704,0.1236,"[-4.728801250457764, 272.786376953125, 6.588676929473877]",0.2067328840494156,345.3063659667969,10.481040000915527,0.0,1.0,0.0,0.0,10.440369606018066,6636.6150279180665,139.53152465820312,0,,,23.4251244020462,0.0,0.0,0.0,0.0,,,,,0.0,,,,,217327295.81802377,4.6013548194026084e-07,,,,,,,,,,,,,,
0.07965091705322265,0.052607227116823196,,0.003703703703703704,0.1233,"[-6.99433708190918, 272.61651611328125, 6.072688102722168]",0.2066718190908432,345.2344665527344,10.481021881103516,0.0,1.0,0.0,0.0,10.440637588500977,6630.721839606837,139.49124145507812,0,,,23.425083904266355,0.0,0.0,0.0,0.0,,,,,0.0,,,,,217327295.81802377,4.6013548194026084e-07,,,,,,,,,,,,,,
