alpha,nematic_S,theta,theta_prime,silhouette_2d,angular_momentum,normalized_angular_momentum,dispersion,speed_avg,force_avg,jamming_index,power_avg,local_spacing,velocity_deviation,boundary_overshoot,altitude_deviation,collisions_this_step,target_dist_min,target_dist_max,speed_real_ms,accel_real_ms2,force_real_N,power_real_W,energy_J,h2,r_nodal,r_per_m,m_star_sensing,tau_rho,theta_accel_correlation,theta_accel_peak_lag,hull_volume,density_rho,msd,msd_slope,msd_crossover,msd_curve,gyration_radius,r_max,psky_meanfield,marginal_opacity_density,aspect_ratio,thickness_ratio,optimal_m,suggested_m,eta_m,convergence_speed
0.1091498851776123,0.056644413620233536,,0.003703703703703704,0.1213,"[27.707887649536133, -0.9000878930091858, 40.415103912353516]",0.03735623136162758,347.6978454589844,3.1179146766662598,0.14235518872737885,0.050965408484140995,0.25885432958602905,188.84512489983533,3.0937163829803467,15199.378763959041,97.66973876953125,0,,,6.9685393023490905,37.96138366063436,2.847103774547577,11.570789337158203,0.19284648895263673,0.8757139606013381,11.41925383162005,2.7524289597649307,3,,,,,,,,,,327.9865417480469,1120.3099939559431,0.982184958078542,0.00016201490403872491,2.404590129852295,0.4158712923526764,5,7.16043940782547,0.1676687902205825,0.04419739133988139
0.11120447158813476,0.052891358733177185,,0.003703703703703704,0.1213,"[26.61516761779785, -1.6107629537582397, 38.820987701416016]",0.035898447036743164,347.6915588378906,3.0383100509643555,0.14156347513198853,0.05624349912007642,0.2431230992078781,0.0,3.013944149017334,15198.773366523626,97.6675033569336,0,,,6.790622963905334,37.750260035196945,2.831269502639771,10.86760139465332,0.18112668991088868,,,,,,,,,,,,,,,,,,,,,,,
0.11336123466491699,0.04973987862467766,,0.003703703703703704,0.1213,"[25.567731857299805, -2.237959623336792, 37.15046691894531]",0.03441891074180603,347.6835021972656,2.9612820148468018,0.14071118831634521,0.061925411224365234,0.22766178846359253,0.0,2.936732292175293,15198.01834055148,97.66464233398438,0,,,6.618465303182601,37.52298355102539,2.8142237663269043,10.176478958129882,0.16960798263549803,,,,,,,,,,,,,,,,,,,,,,,
0.11560649871826172,0.04735945910215378,,0.003703703703703704,0.1213,"[24.567298889160156, -2.7763617038726807, 35.40766525268555]",0.03291918709874153,347.6738586425781,2.886930227279663,0.13986442983150482,0.06757046778996778,0.2126767337322235,0.0,2.862185478210449,15197.115882310467,97.66123962402344,0,,,6.452289057970047,37.29718128840129,2.797288596630097,9.506649398803711,0.1584441566467285,,,,,,,,,,,,,,,,,,,,,,,
0.11794668197631836,0.04588848352432251,,0.003703703703703704,0.1213,"[23.582883834838867, -3.2492291927337646, 33.67479705810547]",0.03143708035349846,347.66253662109375,2.815403938293457,0.13871271908283234,0.07524853944778442,0.1981225460767746,0.0,2.79044771194458,15196.068662658377,97.65727233886719,0,,,6.292427802085876,36.99005842208862,2.7742543816566467,8.85607624053955,0.14760127067565917,,,,,,,,,,,,,,,,,,,,,,,
0.12033530235290528,0.04544636607170105,,0.003703703703703704,0.1213,"[22.580469131469727, -3.6653494834899902, 31.970991134643555]",0.02996903471648693,347.6495361328125,2.7468090057373047,0.1373324990272522,0.08445000648498535,0.1839503049850464,0.0,2.7216439247131348,15194.879035485164,97.65278625488281,0,,,6.139118127822876,36.621999740600586,2.746649980545044,8.222577667236328,0.13704296112060546,,,,,,,,,,,,,,,,,,,,,,,
0.12272523880004883,0.046169035136699677,,0.003703703703703704,0.1213,"[21.54815101623535, -4.021613597869873, 30.304513931274414]",0.028513437137007713,347.635009765625,2.6812186241149902,0.13598181307315826,0.0934545795122782,0.17060166597366333,0.0,2.6558661460876465,15193.550030014821,97.64771270751953,0,,,5.992523624897003,36.26181681950887,2.7196362614631653,7.625895309448242,0.1270982551574707,,,,,,,,,,,,,,,,,,,,,,,
0.12505486488342285,0.04819747060537338,,0.003703703703703704,0.1213,"[20.468259811401367, -4.288125514984131, 28.712421417236328]",0.027081187814474106,347.6188659667969,2.61873722076416,0.13450635969638824,0.10329093535741163,0.15748152136802673,0.0,2.5932395458221436,15192.083955918239,97.64215850830078,0,,,5.852877688407897,35.86836258570354,2.6901271939277653,7.039423942565918,0.11732373237609862,,,,,,,,,,,,,,,,,,,,,,,
0.12730768203735351,0.0515119694173336,,0.003703703703703704,0.1213,"[19.35280990600586, -4.446615219116211, 27.166730880737305]",0.025656191632151604,347.6011657714844,2.5595014095306396,0.13265079259872437,0.1156613826751709,0.14514127373695374,0.0,2.5339064598083496,15190.48438010943,97.6360855102539,0,,,5.720485650300979,35.373544692993164,2.6530158519744873,6.487814712524414,0.10813024520874023,,,,,,,,,,,,,,,,,,,,,,,
0.129459228515625,0.0560787096619606,,0.003703703703703704,0.1213,"[18.20773696899414, -4.543198108673096, 25.66180992126465]",0.024240292608737946,347.58203125,2.5035955905914307,0.13069577515125275,0.1286948323249817,0.13407069444656372,0.0,2.4779579639434814,15188.754370216318,97.62953186035156,0,,,5.595536144971847,34.85220670700073,2.613915503025055,5.992959022521973,0.09988265037536621,,,,,,,,,,,,,,,,,,,,,,,
0.13148144721984864,0.061878837645053864,,0.003703703703703704,0.1213,"[17.037260055541992, -4.571874618530273, 24.19451141357422]",0.022831818088889122,347.5613708496094,2.4510984420776367,0.1288449466228485,0.1410336891810099,0.12361110001802444,0.0,2.425483465194702,15186.897255456395,97.62252044677734,0,,,5.478205018043518,34.358652432759605,2.57689893245697,5.525415229797363,0.09209025382995605,,,,,,,,,,,,,,,,,,,,,,,
0.13330028533935548,0.06887580454349518,,0.003703703703703704,0.1211,"[15.870157241821289, -4.5196309089660645, 22.776269912719727]",0.02144782990217209,347.5393371582031,2.4021291732788086,0.1269073188304901,0.15395120779673255,0.11340861022472382,0.0,2.3766307830810547,15184.916104228776,97.61505126953125,0,,,5.368758702278137,33.8419516881307,2.5381463766098022,5.069364166259765,0.08448940277099609,,,,,,,,,,,,,,,,,,,,,,,
0.1348653507232666,0.07696382701396942,,0.003703703703703704,0.1211,"[14.7112398147583, -4.3820929527282715, 21.386579513549805]",0.020076174288988113,347.5160217285156,2.3568201065063477,0.12503904104232788,0.16640639305114746,0.10372771322727203,0.0,2.3315510749816895,15182.814345481172,97.60713958740234,0,,,5.267492938041687,33.3437442779541,2.5007808208465576,4.636628437042236,0.07727714061737061,,,,,,,,,,,,,,,,,,,,,,,
0.1360737419128418,0.08607415854930878,,0.003703703703703704,0.1211,"[13.641369819641113, -4.112565994262695, 19.922300338745117]",0.018680192530155182,347.4912109375,2.3175361156463623,0.12298372387886047,0.18010850747426344,0.09497518837451935,0.0,2.292543888092041,15180.598811349453,97.59883117675781,0,,,5.17969321846962,32.795659701029464,2.45967447757721,4.245390129089356,0.07075650215148926,,,,,,,,,,,,,,,,,,,,,,,
0.13686381340026854,0.09600188583135605,,0.003703703703703704,0.1211,"[12.274518966674805, -3.351733684539795, 18.383132934570312]",0.017052555456757545,347.4653015136719,2.2894797325134277,0.12067897617816925,0.19547349214553833,0.08757859468460083,0.0,2.264601230621338,15178.281587026404,97.59015655517578,0,,,5.116987202167511,32.18106031417847,2.413579523563385,3.9147625923156735,0.06524604320526123,,,,,,,,,,,,,,,,,,,,,,,
0.1373104476928711,0.10639286786317825,,0.003703703703703704,0.1211,"[10.746790885925293, -2.5654633045196533, 17.242168426513672]",0.015620911493897438,347.438232421875,2.2696523666381836,0.11808320134878159,0.21277865767478943,0.08114677667617798,0.0,2.2449300289154053,15175.86729415411,97.58118438720703,0,,,5.07267303943634,31.488853693008426,2.3616640269756317,3.6272609710693358,0.06045434951782226,,,,,,,,,,,,,,,,,,,,,,,
0.13746439933776855,0.11684031039476395,,0.003703703703703704,0.1211,"[9.06922721862793, -1.6803590059280396, 16.522171020507812]",0.014435109682381153,347.4101257324219,2.2574775218963623,0.11501244455575943,0.2332503696282704,0.07554558664560318,0.0,2.2329485416412354,15173.35914226565,97.57195281982422,0,,,5.045462261438369,30.669985214869182,2.3002488911151886,3.3768874168395997,0.05628145694732666,,,,,,,,,,,,,,,,,,,,,,,
0.13729751586914063,0.1266697347164154,,0.003703703703703704,0.1211,"[7.388420581817627, -0.5466740131378174, 15.832176208496094]",0.013335788622498512,347.3808898925781,2.2521495819091797,0.11173919588327408,0.2550720274448395,0.07049977034330368,0.0,2.2278053760528564,15170.759412085048,97.56242370605469,0,,,5.033554315567017,29.797118902206424,2.2347839176654816,3.151339530944824,0.05252232551574707,,,,,,,,,,,,,,,,,,,,,,,
0.13688676834106445,0.13527511060237885,,0.003703703703703704,0.1212,"[5.7307868003845215, 0.670838475227356, 15.092485427856445]",0.012328247539699078,347.3506774902344,2.252175807952881,0.10828128457069397,0.2781247695287068,0.0665237158536911,0.0,2.228004217147827,15168.069626050796,97.55274200439453,0,,,5.033612930774688,28.875009218851726,2.1656256914138794,2.9736099243164062,0.049560165405273436,,,,,,,,,,,,,,,,,,,,,,,
0.1362474727630615,0.14206905663013458,,0.003703703703703704,0.1212,"[4.303730010986328, 1.9495571851730347, 14.320446968078613]",0.011506711132824421,347.3194580078125,2.256321907043457,0.10456011444330215,0.3029325703779856,0.06309212744235992,0.0,2.2323248386383057,15165.292264755164,97.54290771484375,0,,,5.0428794622421265,27.882697184880577,2.091202288866043,2.8202178955078123,0.04700363159179687,,,,,,,,,,,,,,,,,,,,,,,
0.1353104019165039,0.14689558744430542,,0.003703703703703704,0.1211,"[3.1409780979156494, 3.1844840049743652, 13.607324600219727]",0.010930771939456463,347.2871398925781,2.264103889465332,0.10055777430534363,0.32961483796437574,0.060422465205192566,188.41313157152712,2.240313768386841,15162.430681405547,97.5328140258789,0,,,5.060272192955017,26.81540648142497,2.0111554861068726,2.7008837699890136,0.04501472949981689,0.8803357672307255,11.359302180186347,2.7524289597649307,3,,,,,,,,,,327.59844970703125,1118.6795275140075,0.9821431029721419,0.00016201490403872491,2.405968189239502,0.41563311219215393,5,7.157869327068329,0.16535788690588882,0.04305827946316228
0.13424385070800782,0.14983920753002167,,0.003703703703703704,0.1211,"[2.2398107051849365, 4.223144054412842, 12.88553237915039]",0.010489207692444324,347.2539978027344,2.275764226913452,0.0956154316663742,0.3625637888908386,0.060004133731126785,0.0,2.252129316329956,15159.487911867218,97.5224609375,0,,,5.086333047151565,25.49744844436646,1.9123086333274844,2.6821844100952146,0.04470307350158691,,,,,,,,,,,,,,,,,,,,,,,
0.13297466278076173,0.15137557685375214,,0.003703703703703704,0.121,"[1.5005606412887573, 5.274688720703125, 12.052973747253418]",0.01010725274682045,347.21990966796875,2.290255069732666,0.08963298797607422,0.4024467468261719,0.06144828349351883,0.0,2.2667691707611084,15156.468984497586,97.51190185546875,0,,,5.118720080852508,23.902130126953125,1.7926597595214844,2.7467379570007324,0.045778965950012206,,,,,,,,,,,,,,,,,,,,,,,
0.13139596939086914,0.15210874378681183,,0.003703703703703704,0.121,"[0.962200939655304, 6.263923168182373, 10.995628356933594]",0.009687880985438824,347.1850280761719,2.3069798946380615,0.08342840522527695,0.44381063183148695,0.06335035711526871,0.0,2.283705234527588,15153.379109466396,97.50111389160156,0,,,5.1561000645160675,22.24757472674052,1.668568104505539,2.8317609786987306,0.04719601631164551,,,,,,,,,,,,,,,,,,,,,,,
0.12934687614440918,0.15239988267421722,,0.003703703703703704,0.121,"[0.6154286861419678, 7.0810065269470215, 9.792150497436523]",0.00923740491271019,347.1493835449219,2.325690746307373,0.07729656994342804,0.48468953371047974,0.06516944617033005,0.0,2.3027756214141846,15150.222066803093,97.49010467529297,0,,,5.197918817996978,20.61241865158081,1.5459313988685608,2.9130738258361815,0.048551230430603026,,,,,,,,,,,,,,,,,,,,,,,
0.12693366050720215,0.1522616446018219,,0.003703703703703704,0.121,"[0.4249357581138611, 7.7419114112854, 8.486885070800781]",0.008776922710239887,347.11309814453125,2.3460774421691895,0.07188333570957184,0.5207777619361877,0.06696592271327972,0.0,2.323660135269165,15147.000839850083,97.47889709472656,0,,,5.2434830832481385,19.16888952255249,1.4376667141914368,2.9933764457702634,0.04988960742950439,,,,,,,,,,,,,,,,,,,,,,,
0.12430785179138183,0.15201584994792938,,0.003703703703703704,0.121,"[0.2929675579071045, 8.3135986328125, 7.193335056304932]",0.00839767511934042,347.075927734375,2.367729902267456,0.0664529874920845,0.5569800833861033,0.06883706897497177,0.0,2.3459036350250244,15143.71864062708,97.46746826171875,0,,,5.291876331567764,17.72079666455587,1.3290597498416903,3.0770164489746095,0.05128360748291016,,,,,,,,,,,,,,,,,,,,,,,
0.12157024383544922,0.15223436057567596,,0.003703703703703704,0.121,"[0.19352103769779205, 8.794120788574219, 5.986177921295166]",0.008125507272779942,347.0382385253906,2.390228033065796,0.06161520630121231,0.5892319579919179,0.07023051381111145,0.0,2.369054079055786,15140.378204211873,97.45581817626953,0,,,5.342159653902054,16.430721680323284,1.2323041260242462,3.1393040657043456,0.05232173442840576,,,,,,,,,,,,,,,,,,,,,,,
0.11879960060119629,0.15327222645282745,,0.003703703703703704,0.121,"[0.1385156661272049, 9.163865089416504, 4.88217830657959]",0.007931074127554893,346.9998474121094,2.4134175777435303,0.05752600356936455,0.6164933095375696,0.07147210836410522,0.0,2.39292049407959,15136.981708977655,97.44397735595703,0,,,5.39398828625679,15.340267618497213,1.150520071387291,3.1948024749755857,0.05324670791625976,,,,,,,,,,,,,,,,,,,,,,,
0.11594245910644531,0.15561607480049133,,0.003703703703703704,0.121,"[0.13882595300674438, 9.387972831726074, 3.946445941925049]",0.0077795833349227905,346.9609069824219,2.4370293617248535,0.05388033390045166,0.6407977739969889,0.07281055301427841,0.0,2.4172372817993164,15133.531300219265,97.43195343017578,0,,,5.446760623455047,14.368089040120443,1.0776066780090332,3.2546316146850587,0.054243860244750974,,,,,,,,,,,,,,,,,,,,,,,
0.11297097206115722,0.1592784970998764,,0.003703703703703704,0.121,"[0.19704094529151917, 9.452469825744629, 3.1924471855163574]",0.00762332184240222,346.9213562011719,2.4610207080841064,0.05089833214879036,0.6606777856747309,0.07404734939336777,0.0,2.441958427429199,15130.028718597761,97.41974639892578,0,,,5.500381282567978,13.572888573010763,1.0179666429758072,3.3099160194396973,0.05516526699066162,,,,,0.0,,,188828571.0741511,5.295808755589799e-07,,,,,,,,,,,,,,
0.10988287925720215,0.164137065410614,,0.003703703703703704,0.1209,"[0.31903743743896484, 9.36300277709961, 2.6068673133850098]",0.007429694291204214,346.8812255859375,2.485043525695801,0.048466261476278305,0.6768915901581446,0.0749579593539238,0.0,2.4667491912841797,15126.475409076282,97.40736389160156,0,,,5.554072279930114,12.924336393674215,0.9693252295255661,3.350620651245117,0.05584367752075195,,,,,0.0,,,188828571.0741511,5.295808755589799e-07,,,,,,,,,,,,,,
0.1066977882385254,0.16994266211986542,,0.003703703703703704,0.1209,"[0.5109476447105408, 9.124595642089844, 2.163212776184082]",0.007176162209361792,346.840576171875,2.5094149112701416,0.046485234051942825,0.6900984396537144,0.07560739666223526,0.0,2.491910934448242,15122.872334591739,97.39478302001953,0,,,5.608542326688766,12.396062413851421,0.9297046810388565,3.379650592803955,0.056327509880065914,,,,,0.0,,,188828571.0741511,5.295808755589799e-07,,,,,,,,,,,,,,
0.10368245124816894,0.17603473365306854,,0.003703703703703704,0.121,"[0.7335634827613831, 8.790997505187988, 1.8260574340820312]",0.006884438917040825,346.79937744140625,2.5340943336486816,0.0445779524743557,0.702813650170962,0.07601319253444672,0.0,2.5173234939575195,15119.220300587554,97.38204956054688,0,,,5.6637008357048035,11.88745399316152,0.891559049487114,3.3977891921997068,0.05662981986999511,,,,,0.0,,,188828571.0741511,5.295808755589799e-07,,,,,,,,,,,,,,
0.10106712341308594,0.18168561160564423,,0.003703703703703704,0.121,"[0.911726713180542, 8.451497077941895, 1.5570755004882812]",0.006605081260204315,346.757568359375,2.5590016841888428,0.04274066910147667,0.7150622059901555,0.07632721215486526,0.0,2.5428597927093506,15115.520615579537,97.369140625,0,,,5.719368764162064,11.39751176039378,0.8548133820295335,3.411826229095459,0.05686377048492432,,,,,0.0,,,188828571.0741511,5.295808755589799e-07,,,,,,,,,,,,,,
0.09885848999023437,0.1865483522415161,,0.003703703703703704,0.121,"[1.0182033777236938, 8.141953468322754, 1.3306796550750732]",0.006354108452796936,346.7153015136719,2.5840799808502197,0.04119092598557472,0.7253938267628351,0.07670115679502487,0.0,2.568476915359497,15111.77474998027,97.35603332519531,0,,,5.7754187572002404,10.984246929486593,0.8238185197114944,3.4285414695739744,0.057142357826232906,,,,,0.0,,,188828571.0741511,5.295808755589799e-07,,,,,,,,,,,,,,
0.09701934814453125,0.19045771658420563,,0.003703703703703704,0.121,"[1.0372012853622437, 7.878816604614258, 1.1262344121932983]",0.006135973148047924,346.67254638671875,2.608921766281128,0.03990934044122696,0.7339377303918202,0.07734134048223495,0.0,2.5937838554382324,15107.983448330226,97.34280395507812,0,,,5.83094014763832,10.64249078432719,0.7981868088245393,3.4571571350097656,0.05761928558349609,,,,,0.0,,,188828571.0741511,5.295808755589799e-07,,,,,,,,,,,,,,
0.09548182487487793,0.19331489503383636,,0.003703703703703704,0.121,"[0.9724189043045044, 7.659357070922852, 0.9622854590415955]",0.005948940757662058,346.62933349609375,2.633599281311035,0.038745541125535965,0.7416963924964268,0.078125,0.0,2.618864059448242,15104.147762829463,97.32940673828125,0,,,5.886094393730163,10.332144300142925,0.7749108225107194,3.4921875,0.058203125,,,,,0.0,,,188828571.0741511,5.295808755589799e-07,,,,,,,,,,,,,,
0.09413463592529298,0.1952081024646759,,0.003703703703703704,0.1211,"[0.8677862286567688, 7.447333335876465, 0.8728708028793335]",0.00577212730422616,346.5855712890625,2.658512830734253,0.03769327327609062,0.7487115114927292,0.07883834093809128,0.0,2.644148826599121,15100.268611417705,97.31584167480469,0,,,5.941776176691055,10.051539540290833,0.7538654655218124,3.524074172973633,0.05873456954956055,,,,,0.0,,,188828571.0741511,5.295808755589799e-07,,,,,,,,,,,,,,
0.09288223266601563,0.19647324085235596,,0.003703703703703704,0.1211,"[0.7574983835220337, 7.226438522338867, 0.83721524477005]",0.005593716632574797,346.54132080078125,2.6833841800689697,0.03666805103421211,0.7555463264385859,0.07967821508646011,0.0,2.669370412826538,15096.346805703983,97.30213165283203,0,,,5.997363642454147,9.778146942456564,0.7333610206842422,3.561616230010986,0.0593602705001831,,,,,0.0,,,188828571.0741511,5.295808755589799e-07,,,,,,,,,,,,,,
0.0916813850402832,0.1975235491991043,,0.003703703703703704,0.1211,"[0.6741243004798889, 6.982014179229736, 0.817975640296936]",0.00540162343531847,346.4966125488281,2.7078423500061035,0.03568238392472267,0.7621174405018488,0.08042799681425095,188.0805979683622,2.694145917892456,15092.383553947324,97.28825378417969,0,,,6.052027652263641,9.515302379926046,0.7136476784944534,3.5951311111450193,0.059918851852416986,0.8817018935665418,11.341701852935062,2.6637057710683076,3,0.0,,,188302360.55056077,5.310607881261751e-07,,,,,326.84686279296875,1116.6152967397193,0.9820616262741468,0.00016201490403872491,2.4076688289642334,0.41533952951431274,5,7.154697633981705,0.18484378450765243,0.04297357922584369
0.09051300048828125,0.19859245419502258,,0.003703703703703704,0.1211,"[0.612590491771698, 6.714315891265869, 0.799350917339325]",0.005193804856389761,346.45147705078125,2.731865167617798,0.03487126901745796,0.7675248732169468,0.08118023723363876,0.0,2.718430995941162,15088.380566987818,97.27424621582031,0,,,6.105718649625778,9.299005071322124,0.6974253803491594,3.6287564277648925,0.06047927379608154,,,,,0.0,,,188302360.55056077,5.310607881261751e-07,,,,,,,,,,,,,,
0.08937625885009766,0.19979813694953918,,0.003703703703703704,0.1211,"[0.579738438129425, 6.414663791656494, 0.7748267650604248]",0.00496330251917243,346.406005859375,2.756046772003174,0.03421185910701752,0.7719209392865498,0.08200733363628387,0.0,2.7428340911865234,15084.337900069408,97.26007080078125,0,,,6.159764535427093,9.123162428538006,0.6842371821403505,3.665727424621582,0.06109545707702636,,,,,0.0,,,188302360.55056077,5.310607881261751e-07,,,,,,,,,,,,,,
0.0882781219482422,0.2011742740869522,,0.003703703703703704,0.1211,"[0.5779954195022583, 6.078786849975586, 0.750252366065979]",0.004707533400505781,346.3599548339844,2.7802515029907227,0.033680260181427,0.77546493212382,0.0827636793255806,0.0,2.767225980758667,15080.256153293163,97.2457504272461,0,,,6.213862109184265,8.981402715047201,0.67360520362854,3.6995369911193845,0.06165894985198974,,,,,0.0,,,188302360.55056077,5.310607881261751e-07,,,,,,,,,,,,,,
0.0872330379486084,0.20268431305885315,,0.003703703703703704,0.1212,"[0.6066603660583496, 5.703970432281494, 0.7297369241714478]",0.004425202962011099,346.3135681152344,2.8043463230133057,0.033253882080316544,0.7783074527978897,0.08345852792263031,0.0,2.791475296020508,15076.135721281922,97.23126983642578,0,,,6.267714031934738,8.867701888084412,0.6650776416063309,3.7305959701538085,0.062176599502563476,,,,,0.0,,,188302360.55056077,5.310607881261751e-07,,,,,,,,,,,,,,
0.08630654335021973,0.2041664570569992,,0.003703703703703704,0.1212,"[0.6499195098876953, 5.302425384521484, 0.7048184275627136]",0.00412426283583045,346.2667541503906,2.8282558917999268,0.03284518048167229,0.7810321301221848,0.08409291505813599,0.0,2.815476894378662,15071.977662970534,97.2166519165039,0,,,6.321151918172836,8.75871479511261,0.6569036096334457,3.758952713012695,0.06264921188354491,,,,,0.0,,,188302360.55056077,5.310607881261751e-07,,,,,,,,,,,,,,
0.08558916091918946,0.20540335774421692,,0.003703703703703704,0.1212,"[0.6963272094726562, 4.915887832641602, 0.6781466603279114]",0.0038359728641808033,346.219482421875,2.8522226810455322,0.032391004264354706,0.7840599715709686,0.08471538871526718,0.0,2.839465618133545,15067.782096498211,97.20186614990234,0,,,6.374717692136764,8.637601137161255,0.6478200852870941,3.786777877807617,0.06311296463012694,,,,,0.0,,,188302360.55056077,5.310607881261751e-07,,,,,,,,,,,,,,
0.08505942344665528,0.20638789236545563,,0.003703703703703704,0.1212,"[0.7425968050956726, 4.551092147827148, 0.6483315825462341]",0.0035651535727083683,346.171875,2.8759593963623047,0.032014310359954834,0.7865712642669678,0.08535764366388321,0.0,2.8631644248962402,15063.54992565765,97.18697357177734,0,,,6.42776925086975,8.537149429321289,0.6402862071990967,3.8154868125915526,0.06359144687652588,,,,,0.0,,,188302360.55056077,5.310607881261751e-07,,,,,,,,,,,,,,
0.08469057083129883,0.2071433961391449,,0.003703703703703704,0.1212,"[0.7839767336845398, 4.218686103820801, 0.6170150637626648]",0.0033194099087268114,346.123779296875,2.8993735313415527,0.031702663749456406,0.7886489083369572,0.0861559584736824,0.0,2.8864898681640625,15059.282254423397,97.17188262939453,0,,,6.48009984254837,8.45404366652171,0.6340532749891282,3.8511706352233883,0.06418617725372314,,,,,0.0,,,188302360.55056077,5.310607881261751e-07,,,,,,,,,,,,,,
0.08445911407470703,0.20770566165447235,,0.003703703703703704,0.1212,"[0.8211836218833923, 3.9311535358428955, 0.586982250213623]",0.003108226228505373,346.0753479003906,2.921853542327881,0.03144426271319389,0.7903715819120407,0.08695030212402344,0.0,2.9088661670684814,15054.980476476214,97.15670013427734,0,,,6.530342667102813,8.385136723518372,0.6288852542638779,3.8866779327392575,0.06477796554565429,,,,,0.0,,,188302360.55056077,5.310607881261751e-07,,,,,,,,,,,,,,
0.08432980537414551,0.20811490714550018,,0.003703703703703704,0.1212,"[0.8512966632843018, 3.682258367538452, 0.559470534324646]",0.0029262928292155266,346.0265197753906,2.9439446926116943,0.031227272003889084,0.7918181866407394,0.08770021796226501,0.0,2.9308366775512695,15050.645820482887,97.14138793945312,0,,,6.579716387987136,8.327272534370422,0.6245454400777817,3.920199394226074,0.06533665657043457,,,,,0.0,,,187705992.6897926,5.327480415889672e-07,,,,,,,,,,,,,,
0.08427833557128907,0.20840759575366974,,0.003703703703703704,0.1208,"[0.8727805614471436, 3.46064829826355, 0.5268816947937012]",0.0027636385057121515,345.977294921875,2.9655697345733643,0.031045053154230118,0.7930329789717991,0.08841494470834732,0.0,2.9523122310638428,15046.279229351778,97.12594604492188,0,,,6.628048356771469,8.278680841128033,0.6209010630846025,3.95214729309082,0.06586912155151367,,,,,0.0,,,187705992.6897926,5.327480415889672e-07,,,,,,,,,,,,,,
0.08429204940795898,0.2086147665977478,,0.003703703703703704,0.1208,"[0.8866231441497803, 3.263239860534668, 0.4885638356208801]",0.002617673482745886,345.9277648925781,2.98710298538208,0.030897244811058044,0.7940183679262797,0.08911503106355667,0.0,2.9736762046813965,15041.880701230028,97.11038970947266,0,,,6.676175172328948,8.239265282948812,0.6179448962211609,3.9834420204162595,0.06639070034027099,,,,,0.0,,,187705992.6897926,5.327480415889672e-07,,,,,,,,,,,,,,
0.08435818672180176,0.20876005291938782,,0.003703703703703704,0.1208,"[0.8924016356468201, 3.0846316814422607, 0.4417394995689392]",0.0024837374221533537,345.8779296875,3.0083813667297363,0.030774898827075958,0.7948340078194935,0.08979712426662445,0.0,2.994763135910034,15037.450715684554,97.0947036743164,0,,,6.72373235464096,8.206639687220257,0.6154979765415193,4.013931083679199,0.06689885139465332,,,,,0.0,,,187705992.6897926,5.327480415889672e-07,,,,,,,,,,,,,,
0.08446928977966309,0.2088613659143448,,0.003703703703703704,0.1208,"[0.8922926187515259, 2.9226512908935547, 0.3929287791252136]",0.002361186547204852,345.82769775390625,3.0295119285583496,0.03067462518811226,0.7955024987459183,0.0904683768749237,0.0,3.0156848430633545,15032.990031106727,97.07893371582031,0,,,6.770959160327911,8.179900050163269,0.6134925037622452,4.043935489654541,0.06739892482757569,,,,,0.0,,,187705992.6897926,5.327480415889672e-07,,,,,,,,,,,,,,
0.08461815834045411,0.2089318335056305,,0.003703703703703704,0.1208,"[0.8889474272727966, 2.777411460876465, 0.3459261953830719]",0.0022509018890559673,345.77716064453125,3.050662040710449,0.030592240393161774,0.7960517307122548,0.0911346897482872,0.0,3.0366170406341553,15028.49829445828,97.06301879882812,0,,,6.818229660987853,8.157930771509807,0.6118448078632356,4.073720455169678,0.06789534091949463,,,,,0.0,,,187705992.6897926,5.327480415889672e-07,,,,,,,,,,,,,,
0.08479687690734863,0.20898041129112244,,0.003703703703703704,0.1208,"[0.8838453888893127, 2.645404577255249, 0.2955867052078247]",0.0021501348819583654,345.7261657714844,3.0717031955718994,0.030523456633090973,0.7965102891127268,0.0917922705411911,0.0,3.057429552078247,15023.975787942994,97.0470199584961,0,,,6.865256642103195,8.139588435490927,0.6104691326618195,4.103114604949951,0.06838524341583252,,,,,0.0,,,187705992.6897926,5.327480415889672e-07,,,,,,,,,,,,,,
0.08500103950500489,0.20901387929916382,,0.003703703703703704,0.1208,"[0.8777847290039062, 2.5243256092071533, 0.24032866954803467]",0.0020573793444782495,345.6748962402344,3.092585802078247,0.03046678751707077,0.7968880832195282,0.09244193881750107,0.0,3.0780701637268066,15019.422601383667,97.03087615966797,0,,,6.911929267644882,8.124476671218872,0.6093357503414154,4.1321539878845215,0.06886923313140869,,,,,0.0,,,187705992.6897926,5.327480415889672e-07,,,,,,,,,,,,,,
0.08522798538208008,0.20903688669204712,,0.003703703703703704,0.1208,"[0.8699951767921448, 2.4140567779541016, 0.1874855011701584]",0.001972959842532873,345.62322998046875,3.1133666038513184,0.030420513823628426,0.7971965745091438,0.0930865928530693,0.0,3.0986034870147705,15014.83942534307,97.01465606689453,0,,,6.958374359607697,8.112137019634247,0.6084102764725685,4.160970783233642,0.06934951305389403,,,,,0.0,,,187705992.6897926,5.327480415889672e-07,,,,,,,,,,,,,,
0.08547277450561523,0.20905224978923798,,0.003703703703703704,0.1208,"[0.8609557151794434, 2.3108484745025635, 0.13856995105743408]",0.0018942871829494834,345.5713195800781,3.1336731910705566,0.03038162924349308,0.7974558050433794,0.09371335804462433,0.0,3.1186647415161133,15010.226692029035,96.99832153320312,0,,,7.003759582042694,8.101767798264822,0.6076325848698616,4.188987350463867,0.06981645584106444,,,,,0.0,,,187705992.6897926,5.327480415889672e-07,,,,,,,,,,,,,,
0.08572772026062012,0.2090625762939453,,0.003703703703703704,0.1208,"[0.8511409759521484, 2.216599702835083, 0.09267944097518921]",0.0018226944375783205,345.5190124511719,3.153985023498535,0.03034823015332222,0.7976784656445185,0.09433361887931824,187.3858258763443,3.1387288570404053,15005.584728629983,96.98188781738281,0,,,7.049156527519226,8.09286137421926,0.6069646030664444,4.216712093353271,0.07027853488922119,0.8802905865316517,11.359885193592763,2.6637057710683076,3,0.0,,,187060733.86362496,5.34585735523224e-07,2.5858635902404785,1.818956096376078,,"[0.7329009175300598, 2.5858635902404785]",325.9190979003906,1114.3000564460917,0.9819602818370976,0.00016201490403872491,2.4096598625183105,0.41499632596969604,5,7.150984356403351,0.1855494380250975,0.04310468151797636
0.08599078178405761,0.2090691477060318,,0.003703703703703704,0.1208,"[0.8407455682754517, 2.128459930419922, 0.04570526257157326]",0.001756032695993781,345.46636962890625,3.174105167388916,0.030319824814796448,0.7978678345680237,0.09494668990373611,0.0,3.1585941314697266,15000.913410904011,96.96532440185547,0,,,7.0941250491142265,8.085286617279053,0.606396496295929,4.244116687774658,0.07073527812957763,,,,,0.0,,,187060733.86362496,5.34585735523224e-07,,,,,,,,,,,,,,
0.08626276969909669,0.20907332003116608,,0.003703703703703704,0.1208,"[0.8292405605316162, 2.0456271171569824, -0.005835418589413166]",0.0016936702886596322,345.4133605957031,3.1938302516937256,0.030296599492430687,0.798022670050462,0.09554855525493622,0.0,3.1780483722686768,14996.213882313545,96.94869232177734,0,,,7.1382106125354765,8.079093197981518,0.6059319898486139,4.271020030975341,0.07118366718292235,,,,,0.0,,,187060733.86362496,5.34585735523224e-07,,,,,,,,,,,,,,
0.08654672622680665,0.20907464623451233,,0.003703703703703704,0.1208,"[0.8172217011451721, 1.9702318906784058, -0.05430694669485092]",0.0016374238766729832,345.36016845703125,3.213383197784424,0.030278591439127922,0.7981427237391472,0.0961473360657692,0.0,3.1973273754119873,14991.486101088394,96.93195343017578,0,,,7.181911447048187,8.074291050434113,0.6055718287825584,4.2977863311767575,0.07162977218627929,,,,,0.0,,,187060733.86362496,5.34585735523224e-07,,,,,,,,,,,,,,
0.08684078216552735,0.209074467420578,,0.003703703703703704,0.1208,"[0.8053601980209351, 1.9008891582489014, -0.09744323790073395]",0.001586308004334569,345.3066101074219,3.2324419021606445,0.030263183638453484,0.79824544241031,0.09673039615154266,0.0,3.2161147594451904,14986.730765257602,96.91508483886719,0,,,7.2245076513290405,8.070182303587597,0.6052636727690698,4.323847675323486,0.0720641279220581,,,,,0.0,,,187060733.86362496,5.34585735523224e-07,,,,,,,,,,,,,,
0.08714234352111816,0.2090727686882019,,0.003703703703703704,0.1211,"[0.7940601110458374, 1.8361338376998901, -0.13357514142990112]",0.0015390989137813449,345.252685546875,3.2512900829315186,0.03024965524673462,0.7983356316884358,0.09730584174394608,0.0,3.23469614982605,14981.948432429006,96.89815521240234,0,,,7.266633335351943,8.066574732462566,0.6049931049346925,4.349570846557617,0.07249284744262695,,,,,0.0,,,187060733.86362496,5.34585735523224e-07,,,,,,,,,,,,,,
0.08744775772094726,0.20907089114189148,,0.003703703703703704,0.1211,"[0.7829316854476929, 1.77622652053833, -0.16722136735916138]",0.0014958693645894527,345.19842529296875,3.2701406478881836,0.030237067490816116,0.7984195500612259,0.0978788286447525,0.0,3.2532777786254883,14977.139339034096,96.8811264038086,0,,,7.30876434803009,8.063217997550964,0.6047413498163223,4.375183582305908,0.07291972637176514,,,,,0.0,,,187060733.86362496,5.34585735523224e-07,,,,,,,,,,,,,,
0.08775649070739747,0.20906789600849152,,0.003703703703703704,0.1211,"[0.7716171741485596, 1.7208824157714844, -0.20015564560890198]",0.0014563552103936672,345.1439208984375,3.2887749671936035,0.030226103961467743,0.7984926402568817,0.098444864153862,0.0,3.2716424465179443,14972.30371376363,96.86400604248047,0,,,7.350412051677703,8.060294389724731,0.6045220792293549,4.4004847526550295,0.07334141254425049,,,,,0.0,,,187060733.86362496,5.34585735523224e-07,,,,,,,,,,,,,,
0.08806724548339843,0.20906510949134827,,0.003703703703703704,0.1211,"[0.7590782642364502, 1.673408031463623, -0.22513213753700256]",0.0014218089636415243,345.0891418457031,3.3066840171813965,0.030216464772820473,0.7985569015145302,0.09898602217435837,0.0,3.2892956733703613,14967.442886172195,96.84679412841797,0,,,7.390438778400421,8.057723939418793,0.6043292954564095,4.424674701690674,0.07374457836151123,,,,,0.0,,,187060733.86362496,5.34585735523224e-07,,,,,,,,,,,,,,
0.08837372779846192,0.20906229317188263,,0.003703703703703704,0.1211,"[0.7469045519828796, 1.628609299659729, -0.24781647324562073]",0.0013893948635086417,345.0340270996094,3.3245370388031006,0.030204840004444122,0.7986343999703724,0.09951946884393692,0.0,3.3068947792053223,14962.556539486815,96.8294906616211,0,,,7.43034028172493,8.0546240011851,0.6040968000888826,4.448520755767822,0.07414201259613036,,,,,0.0,,,187060733.86362496,5.34585735523224e-07,,,,,,,,,,,,,,
0.0886765956878662,0.2090599089860916,,0.003703703703703704,0.1211,"[0.7353465557098389, 1.5843793153762817, -0.26864105463027954]",0.0013577179051935673,344.9786682128906,3.342150926589966,0.030194774270057678,0.7987015048662821,0.10004648566246033,0.0,3.324252128601074,14957.644506894761,96.8121109008789,0,,,7.469707320928573,8.051939805348715,0.6038954854011536,4.472077274322509,0.07453462123870849,,,,,0.0,,,186378712.6092233,5.365419612574967e-07,,,,,,,,,,,,,,
0.0889778995513916,0.20905801653862,,0.003703703703703704,0.1209,"[0.7242622375488281, 1.5430996417999268, -0.28759765625]",0.0013283237349241972,344.9228820800781,3.3597652912139893,0.03018718771636486,0.7987520818909009,0.1005759909749031,0.0,3.3416097164154053,14952.707273352851,96.7946548461914,0,,,7.509075425863266,8.049916724363964,0.6037437543272973,4.495746517181396,0.07492910861968993,,,,,0.0,,,186378712.6092233,5.365419612574967e-07,,,,,,,,,,,,,,
0.08927765846252442,0.2090560793876648,,0.003703703703703704,0.1209,"[0.7135946750640869, 1.5045599937438965, -0.30635130405426025]",0.0013012170093134046,344.86700439453125,3.377285957336426,0.030180444940924644,0.798797033727169,0.10110276937484741,0.0,3.358872175216675,14947.744736429715,96.77710723876953,0,,,7.548234114646911,8.048118650913239,0.6036088988184929,4.519293022155762,0.07532155036926269,,,,,0.0,,,186378712.6092233,5.365419612574967e-07,,,,,,,,,,,,,,
0.08957598686218261,0.20905466377735138,,0.003703703703703704,0.1211,"[0.7033034563064575, 1.4684339761734009, -0.3266146779060364]",0.0012764122802764177,344.81072998046875,3.3946022987365723,0.03017469123005867,0.7988353917996088,0.10162310302257538,0.0,3.3759286403656006,14942.757359424702,96.75944519042969,0,,,7.586936137676239,8.046584328015646,0.6034938246011734,4.54255256652832,0.07570920944213866,,,,,0.0,,,186378712.6092233,5.365419612574967e-07,,,,,,,,,,,,,,
0.08987325668334961,0.20905287563800812,,0.003703703703703704,0.1211,"[0.6936891078948975, 1.433555245399475, -0.3469729721546173]",0.0012530405074357986,344.75421142578125,3.411825180053711,0.03017020784318447,0.7988652810454369,0.10214012116193771,0.0,3.3928911685943604,14937.745199408617,96.74174499511719,0,,,7.625429277420044,8.045388758182526,0.6034041568636894,4.565662765502929,0.07609437942504882,,,,,0.0,,,186378712.6092233,5.365419612574967e-07,,,,,,,,,,,,,,
0.09016931533813477,0.20905129611492157,,0.003703703703703704,0.1211,"[0.6849015951156616, 1.3985835313796997, -0.36963897943496704]",0.0012306562857702374,344.6973571777344,3.4288439750671387,0.030166517943143845,0.798889880379041,0.10265075415372849,0.0,3.409649610519409,14932.70881592824,96.72394561767578,0,,,7.663466284275055,8.04440478483836,0.603330358862877,4.588488292694092,0.07647480487823487,,,,,0.0,,,186378712.6092233,5.365419612574967e-07,,,,,,,,,,,,,,
0.0904640007019043,0.20904980599880219,,0.003703703703703704,0.1211,"[0.6766605973243713, 1.3658000230789185, -0.39014557003974915]",0.0012099589221179485,344.6402587890625,3.4458630084991455,0.030163807794451714,0.7989079480369885,0.10316057503223419,0.0,3.426408290863037,14927.647969158368,96.7060317993164,0,,,7.70150382399559,8.043682078520458,0.6032761558890344,4.6112771987915036,0.07685461997985839,,,,,0.0,,,186378712.6092233,5.365419612574967e-07,,,,,,,,,,,,,,
0.09075748443603515,0.20904779434204102,,0.003703703703703704,0.121,"[0.6693823337554932, 1.332539677619934, -0.4102664291858673]",0.001189590897411108,344.5829162597656,3.4626951217651367,0.030161617323756218,0.7989225511749585,0.1036653220653534,0.0,3.4429798126220703,14922.563004695212,96.68807983398438,0,,,7.73912359714508,8.04309795300166,0.6032323464751245,4.633838653564453,0.07723064422607422,,,,,0.0,,,186378712.6092233,5.365419612574967e-07,,,,,,,,,,,,,,
0.09105035781860352,0.20904609560966492,,0.003703703703703704,0.121,"[0.6629230380058289, 1.2999334335327148, -0.42931151390075684]",0.0011701172916218638,344.5252685546875,3.479417085647583,0.03016078658401966,0.7989280894398689,0.10416717827320099,0.0,3.4594411849975586,14917.45404375585,96.67003631591797,0,,,7.776497186422348,8.042876422405243,0.6032157316803932,4.656272506713867,0.07760454177856445,,,,,0.0,,,186378712.6092233,5.365419612574967e-07,,,,,,,,,,,,,,
0.09134302139282227,0.20904414355754852,,0.003703703703703704,0.121,"[0.657053530216217, 1.2693431377410889, -0.4463980197906494]",0.0011521197156980634,344.46734619140625,3.4961397647857666,0.030160896480083466,0.7989273567994435,0.10466959327459335,0.0,3.4759023189544678,14912.321180610259,96.65190124511719,0,,,7.813872374296188,8.042905728022259,0.6032179296016694,4.678730392456054,0.07797883987426757,,,,,0.0,,,186378712.6092233,5.365419612574967e-07,,,,,,,,,,,,,,
0.0916357421875,0.20904211699962616,,0.003703703703703704,0.121,"[0.6517366766929626, 1.2407549619674683, -0.4615176320075989]",0.0011354921152815223,344.4091796875,3.5128631591796875,0.030161382630467415,0.7989241157968838,0.10517267882823944,186.7229504667397,3.4923641681671143,14907.164572481255,96.63372039794922,0,,,7.851249160766601,8.043035368124645,0.6032276526093484,4.701217460632324,0.07835362434387207,0.8816956301737435,11.341782422160172,2.668215163826327,3,0.0,,,185666772.0417341,5.385993352516628e-07,6.515688896179199,1.8817631939871937,,"[0.8391503095626831, 3.092480182647705]",324.8689880371094,1111.805737230914,0.9818445366515111,0.00016201490403872491,2.4118471145629883,0.41461998224258423,5,7.146905131340027,0.18378946651698502,0.041846638077440435
0.09192868232727051,0.2090400606393814,,0.003703703703703704,0.121,"[0.646633505821228, 1.2142198085784912, -0.4736904799938202]",0.0011198254069313407,344.3507080078125,3.5293102264404297,0.030162164941430092,0.798918900390466,0.10566698014736176,0.0,3.508556842803955,14901.984245937067,96.61544036865234,0,,,7.88800835609436,8.043243984381359,0.603243298828602,4.72331371307373,0.0787218952178955,,,,,0.0,,,185666772.0417341,5.385993352516628e-07,,,,,,,,,,,,,,
0.0922196388244629,0.20903748273849487,,0.003703703703703704,0.121,"[0.641864538192749, 1.1852856874465942, -0.4771362245082855]",0.0011007249122485518,344.2919921875,3.545170783996582,0.030162086710333824,0.7989194219311078,0.10614104568958282,0.0,3.5241811275482178,14896.781389939526,96.59709167480469,0,,,7.92345670223236,8.043223122755688,0.6032417342066766,4.744504165649414,0.07907506942749024,,,,,0.0,,,185666772.0417341,5.385993352516628e-07,,,,,,,,,,,,,,
0.092506685256958,0.20903542637825012,,0.003703703703703704,0.121,"[0.6375347971916199, 1.157444953918457, -0.47743529081344604]",0.0010817727306857705,344.23297119140625,3.560914993286133,0.03016113117337227,0.7989257921775181,0.1066112294793129,0.0,3.539693593978882,14891.556208927575,96.57865905761719,0,,,7.958645009994506,8.042968312899273,0.6032226234674455,4.76552152633667,0.07942535877227783,,,,,0.0,,,185666772.0417341,5.385993352516628e-07,,,,,,,,,,,,,,
0.09278979301452636,0.2090335190296173,,0.003703703703703704,0.121,"[0.6336560249328613, 1.128159523010254, -0.4718979001045227]",0.0010606137802824378,344.1737365722656,3.5764083862304688,0.030160076916217804,0.798932820558548,0.10707445442676544,0.0,3.554966449737549,14886.309093890717,96.56016540527344,0,,,7.993272743225098,8.042687177658081,0.6032015383243561,4.78622760772705,0.07977046012878417,,,,,0.0,,,185666772.0417341,5.385993352516628e-07,,,,,,,,,,,,,,
0.09306825637817383,0.20903226733207703,,0.003703703703703704,0.121,"[0.6303887367248535, 1.1022289991378784, -0.46989136934280396]",0.0010427904780954123,344.1142272949219,3.5916759967803955,0.030158692970871925,0.7989420468608538,0.10753092169761658,0.0,3.5700159072875977,14881.040574038327,96.54161071777344,0,,,8.027395852804183,8.042318125565847,0.6031738594174385,4.806631851196289,0.08011053085327148,,,,,0.0,,,185666772.0417341,5.385993352516628e-07,,,,,,,,,,,,,,
0.09334179878234863,0.20903155207633972,,0.003703703703703704,0.121,"[0.6278650164604187, 1.0818536281585693, -0.47150635719299316]",0.0010297573171555996,344.0545349121094,3.60628604888916,0.030157551169395447,0.798949658870697,0.1079670712351799,0.0,3.584415912628174,14875.751193796024,96.52299499511719,0,,,8.060049319267273,8.04201364517212,0.6031510233879089,4.826128005981445,0.08043546676635742,,,,,0.0,,,185666772.0417341,5.385993352516628e-07,,,,,,,,,,,,,,
0.09360984802246093,0.2090311199426651,,0.003703703703703704,0.121,"[0.6256503462791443, 1.0626493692398071, -0.47212859988212585]",0.001017361064441502,343.9945068359375,3.6208953857421875,0.030155852437019348,0.7989609837532043,0.10840198397636414,0.0,3.5988171100616455,14870.440933179332,96.50428771972656,0,,,8.09270118713379,8.041560649871826,0.603117048740387,4.845568084716796,0.08075946807861327,,,,,0.0,,,185666772.0417341,5.385993352516628e-07,,,,,,,,,,,,,,
0.09387286186218262,0.20903079211711884,,0.003703703703703704,0.121,"[0.6237267851829529, 1.0444544553756714, -0.4719683825969696]",0.001005536294542253,343.934326171875,3.6355042457580566,0.030154455453157425,0.7989702969789505,0.10883747786283493,0.0,3.613219976425171,14865.109539908604,96.48552703857422,0,,,8.125351989269257,8.04118812084198,0.6030891090631485,4.865033912658691,0.08108389854431151,,,,,0.0,,,185666772.0417341,5.385993352516628e-07,,,,,,,,,,,,,,
0.09413141250610352,0.2090301513671875,,0.003703703703703704,0.121,"[0.6220773458480835, 1.0272526741027832, -0.4710095226764679]",0.0009942491305992007,343.8738708496094,3.6501126289367676,0.030153362080454826,0.7989775861303011,0.10927347838878632,0.0,3.6276233196258545,14859.757451634148,96.46670532226562,0,,,8.158001725673675,8.040896554787954,0.6030672416090965,4.884523773193359,0.08140872955322265,,,,,0.0,,,185666772.0417341,5.385993352516628e-07,,,,,,,,,,,,,,
0.09438589096069336,0.2090299129486084,,0.003703703703703704,0.121,"[0.6207086443901062, 1.0110112428665161, -0.4693979024887085]",0.0009835126111283898,343.8132019042969,3.6647210121154785,0.03015253134071827,0.7989831243952115,0.10971000045537949,0.0,3.642026901245117,14854.38449916201,96.44779968261719,0,,,8.190651462078094,8.04067502419154,0.6030506268143655,4.904036521911621,0.08173394203186035,,,,,0.0,,,184927028.201648,5.407538366482485e-07,,,,,,,,,,,,,,
0.09463674545288087,0.209029421210289,,0.003703703703703704,0.121,"[0.6199395656585693, 0.9945839047431946, -0.4717605710029602]",0.0009740688255988061,343.7523193359375,3.6790215969085693,0.030151937156915665,0.7989870856205622,0.11013790220022202,0.0,3.6561169624328613,14848.990951204472,96.42884826660156,0,,,8.222613269090653,8.040516575177511,0.6030387431383133,4.923164176940918,0.08205273628234863,,,,,0.0,,,184927028.201648,5.407538366482485e-07,,,,,,,,,,,,,,
0.09488646507263183,0.20902839303016663,,0.003703703703703704,0.121,"[0.6194697022438049, 0.982450544834137, -0.4718020558357239]",0.0009667264530435205,343.6911315917969,3.692737340927124,0.030152730643749237,0.7989817957083384,0.11055159568786621,0.0,3.6696114540100098,14843.578121861938,96.40983581542969,0,,,8.253267956972122,8.040728171666464,0.6030546128749847,4.941656112670898,0.08236093521118164,,,,,0.0,,,184927028.201648,5.407538366482485e-07,,,,,,,,,,,,,,
0.09513814926147461,0.20902661979198456,,0.003703703703703704,0.121,"[0.6193654537200928, 0.9723584055900574, -0.47212737798690796]",0.0009608663967810571,343.6297912597656,3.706355571746826,0.030154049396514893,0.798973004023234,0.11096685379743576,0.0,3.683006525039673,14838.145837970213,96.39073944091797,0,,,8.283704702854155,8.041079839070639,0.6030809879302979,4.960217857360839,0.08267029762268066,,,,,0.0,,,184927028.201648,5.407538366482485e-07,,,,,,,,,,,,,,
0.09539178848266601,0.20902439951896667,,0.003703703703703704,0.121,"[0.6198374032974243, 0.9654988050460815, -0.4735952615737915]",0.0009575277217663825,343.5682067871094,3.7197747230529785,0.03015538677573204,0.7989640881617863,0.11137624830007553,0.0,3.6961982250213623,14832.694173011016,96.37162017822266,0,,,8.313696506023406,8.041436473528545,0.6031077355146409,4.978518104553222,0.0829753017425537,,,,,0.0,,,184927028.201648,5.407538366482485e-07,,,,,,,,,,,,,,
0.09564741134643555,0.2090211659669876,,0.003703703703703704,0.121,"[0.6203314065933228, 0.9589091539382935, -0.4744378626346588]",0.0009541911422275007,343.5063781738281,3.7331936359405518,0.030156657099723816,0.7989556193351746,0.11178544908761978,0.0,3.7093889713287354,14827.223097661932,96.35240936279297,0,,,8.343687776327133,8.041775226593018,0.6031331419944763,4.996809196472168,0.08328015327453614,,,,,0.0,,,184927028.201648,5.407538366482485e-07,,,,,,,,,,,,,,
0.09590497970581055,0.20901738107204437,,0.003703703703703704,0.121,"[0.6202818155288696, 0.95395827293396, -0.469734787940979]",0.0009499943116679788,343.4443359375,3.746384620666504,0.030158061534166336,0.7989462564388911,0.11218816787004471,0.0,3.722358465194702,14821.732910520526,96.3331527709961,0,,,8.373169627189636,8.042149742444357,0.6031612306833267,5.0148107528686525,0.08358017921447754,,,,,0.0,,,184927028.201648,5.407538366482485e-07,,,,,,,,,,,,,,
0.09616294860839844,0.2090131938457489,,0.003703703703703704,0.121,"[0.6205341219902039, 0.949647068977356, -0.46595215797424316]",0.000946575659327209,343.3821105957031,3.7594363689422607,0.030158119276165962,0.7989458714922268,0.11258533596992493,0.0,3.7351884841918945,14816.223914558233,96.31385040283203,0,,,8.402340284585952,8.042165140310924,0.6031623855233194,5.032564544677734,0.0838760757446289,,,,,0.0,,,184927028.201648,5.407538366482485e-07,,,,,,,,,,,,,,
0.09642080307006835,0.20900858938694,,0.003703703703703704,0.121,"[0.6221101880073547, 0.9455326795578003, -0.46953919529914856]",0.0009459661087021232,343.31964111328125,3.7722580432891846,0.03015798144042492,0.7989467903971672,0.11297480762004852,0.0,3.7477927207946777,14810.696451560014,96.29447937011719,0,,,8.430996726751326,8.042128384113312,0.6031596288084984,5.04997386932373,0.0841662311553955,,,,,0.0,,,184927028.201648,5.407538366482485e-07,,,,,,,,,,,,,,
0.09667803764343262,0.20900408923625946,,0.003703703703703704,0.121,"[0.6240856647491455, 0.9423942565917969, -0.4743179380893707]",0.0009464689646847546,343.25701904296875,3.784684658050537,0.03015829622745514,0.7989446918169657,0.11335138231515884,0.0,3.759999990463257,14805.151395237472,96.27505493164062,0,,,8.45877021074295,8.042212327321371,0.6031659245491028,5.066805267333984,0.0844467544555664,,,,,0.0,,,184927028.201648,5.407538366482485e-07,,,,,,,,,,,,,,
0.09693529129028321,0.208998903632164,,0.003703703703703704,0.121,"[0.6266828775405884, 0.9415351748466492, -0.48151886463165283]",0.0009493204997852445,343.19415283203125,3.7962732315063477,0.030159343034029007,0.7989377131064732,0.11370342969894409,186.19120636685182,3.771373987197876,14799.589898036967,96.25560760498047,0,,,8.484670672416687,8.04249147574107,0.6031868606805803,5.082543182373047,0.08470905303955077,0.8821213450697045,11.336308837657485,2.679404989304301,3,0.0,,,184163882.63678578,5.429946337372968e-07,13.174848556518555,1.894399886619482,,"[0.9532421827316284, 3.6175334453582764, 13.174848556518555]",323.7210388183594,1109.1895054218326,0.9817167323557294,0.00016201490403872491,2.4141268730163574,0.4142284393310547,5,7.142653381824493,0.18096797685547794,0.041608565640110055
0.09719286918640137,0.20899350941181183,,0.003703703703703704,0.121,"[0.6292685866355896, 0.946287989616394, -0.4868139624595642]",0.0009549300884827971,343.1311340332031,3.8072915077209473,0.030160553753376007,0.7989296416441599,0.11403857916593552,0.0,3.7821829319000244,14794.01259299006,96.2360610961914,0,,,8.509296519756317,8.042814334233602,0.6032110750675201,5.097524070739746,0.08495873451232909,,,,,0.0,,,184163882.63678578,5.429946337372968e-07,,,,,,,,,,,,,,
0.09744933128356933,0.20898796617984772,,0.003703703703703704,0.121,"[0.632215142250061, 0.9509294033050537, -0.4935031235218048]",0.0009610506240278482,343.0679626464844,3.818171501159668,0.03016076795756817,0.7989282136162121,0.11436787247657776,0.0,3.792856454849243,14788.420450906968,96.21648406982422,0,,,8.533613305091857,8.042871455351513,0.6032153591513635,5.112244033813476,0.0852040672302246,,,,,0.0,,,184163882.63678578,5.429946337372968e-07,,,,,,,,,,,,,,
0.09770427703857422,0.20898158848285675,,0.003703703703703704,0.121,"[0.6342144012451172, 0.9504212737083435, -0.5005560517311096]",0.0009638898773118854,343.0045166015625,3.8286070823669434,0.030161133036017418,0.7989257797598839,0.11468331515789032,0.0,3.8030996322631836,14782.813795281669,96.19686889648438,0,,,8.556936829090118,8.042968809604645,0.6032226607203484,5.126343154907226,0.0854390525817871,,,,,0.0,,,184163882.63678578,5.429946337372968e-07,,,,,,,,,,,,,,
0.09795566558837891,0.2089744359254837,,0.003703703703703704,0.121,"[0.6354838609695435, 0.9534803628921509, -0.49953001737594604]",0.0009660536888986826,342.94097900390625,3.838526725769043,0.030161293223500252,0.7989247118433316,0.1149800717830658,0.0,3.8128278255462646,14777.19316228796,96.17720031738281,0,,,8.579107232093811,8.043011526266735,0.6032258644700051,5.139608001708984,0.0856601333618164,,,,,0.0,,,184163882.63678578,5.429946337372968e-07,,,,,,,,,,,,,,
0.09820452690124512,0.20896650850772858,,0.003703703703703704,0.121,"[0.6372198462486267, 0.9586300849914551, -0.4991586208343506]",0.0009698411449790001,342.8773498535156,3.848188877105713,0.030160343274474144,0.798931044836839,0.11527154594659805,0.0,3.8222930431365967,14771.559078239006,96.15750122070312,0,,,8.600702140331268,8.04275820652644,0.603206865489483,5.152637100219726,0.0858772850036621,,,,,0.0,,,184163882.63678578,5.429946337372968e-07,,,,,,,,,,,,,,
0.09845241546630859,0.2089577615261078,,0.003703703703703704,0.121,"[0.6392883062362671, 0.9642606973648071, -0.5004425048828125]",0.0009745576535351574,342.8134765625,3.857710599899292,0.03016006387770176,0.7989329074819882,0.1155611202120781,0.0,3.8316123485565186,14765.91127063667,96.13774108886719,0,,,8.621983190774918,8.04268370072047,0.6032012775540353,5.165581512451172,0.08609302520751953,,,,,0.0,,,184163882.63678578,5.429946337372968e-07,,,,,,,,,,,,,,
0.09870024681091309,0.20894816517829895,,0.003703703703703704,0.121,"[0.6426548957824707, 0.9691076874732971, -0.508432924747467]",0.0009813893120735884,342.7494812011719,3.8669512271881104,0.03016045317053795,0.7989303121964136,0.11584372818470001,0.0,3.8406546115875244,14760.250652157683,96.11792755126953,0,,,8.642635992765426,8.042787512143454,0.603209063410759,5.178214073181152,0.08630356788635254,,,,,0.0,,,184163882.63678578,5.429946337372968e-07,,,,,,,,,,,,,,
0.09894762992858887,0.20893731713294983,,0.003703703703703704,0.121,"[0.6449353098869324, 0.9698992967605591, -0.516552746295929]",0.000985465245321393,342.68536376953125,3.8759050369262695,0.030161583796143532,0.7989227746923764,0.11611685156822205,0.0,3.8494174480438232,14754.577470182565,96.09810638427734,0,,,8.662647757530213,8.043089012304943,0.6032316759228707,5.190422630310058,0.08650704383850097,,,,,0.0,,,184163882.63678578,5.429946337372968e-07,,,,,,,,,,,,,,
0.09919358253479003,0.20892582833766937,,0.003703703703703704,0.121,"[0.6455880999565125, 0.9682791233062744, -0.5192791819572449]",0.0009858115809038281,342.6210632324219,3.884429931640625,0.030162885785102844,0.798914094765981,0.11637542396783829,0.0,3.85774302482605,14748.892488834583,96.07823181152344,0,,,8.681700897216796,8.04343620936076,0.603257715702057,5.201981735229492,0.0866996955871582,,,,,0.0,,,184163882.63678578,5.429946337372968e-07,,,,,,,,,,,,,,
0.09944061279296874,0.20891307294368744,,0.003703703703703704,0.1207,"[0.6459029912948608, 0.9654350280761719, -0.5217532515525818]",0.0009852341609075665,342.5566711425781,3.8927347660064697,0.03016512468457222,0.7988991687695185,0.11663173884153366,0.0,3.8658411502838135,14743.195912145995,96.05831909179688,0,,,8.70026220202446,8.04403324921926,0.6033024936914444,5.213438415527343,0.08689064025878905,,,,,0.0,,,183380199.71181947,5.453151439312925e-07,,,,,,,,,,,,,,
0.09969019889831543,0.20889942348003387,,0.003703703703703704,0.1207,"[0.6465847492218018, 0.9612364172935486, -0.5273644924163818]",0.0009850198403000832,342.4920959472656,3.9007794857025146,0.030168212950229645,0.7988785803318024,0.11688263714313507,0.0,3.8736767768859863,14737.488028195836,96.03836822509766,0,,,8.71824215054512,8.044856786727905,0.6033642590045929,5.224653625488281,0.08707756042480468,,,,,0.0,,,183380199.71181947,5.453151439312925e-07,,,,,,,,,,,,,,
0.09994294166564942,0.20888492465019226,,0.003703703703703704,0.1207,"[0.6462988257408142, 0.9563528299331665, -0.5290685892105103]",0.0009827924659475684,342.4273681640625,3.908628463745117,0.03017262928187847,0.7988491381208102,0.11712870746850967,0.0,3.8813204765319824,14731.768940078156,96.01838684082031,0,,,8.735784616470337,8.046034475167593,0.6034525856375694,5.235651969909668,0.08726086616516113,,,,,0.0,,,183380199.71181947,5.453151439312925e-07,,,,,,,,,,,,,,
0.10019822120666504,0.20886971056461334,,0.003703703703703704,0.1207,"[0.6424413919448853, 0.9451037645339966, -0.5245776176452637]",0.0009734552004374564,342.3626708984375,3.915783643722534,0.030176429077982903,0.7988238061467806,0.11735355108976364,0.0,3.888288974761963,14726.03979024259,95.99836730957031,0,,,8.751776443719864,8.047047754128775,0.603528581559658,5.245703887939453,0.08742839813232423,,,,,0.0,,,183380199.71181947,5.453151439312925e-07,,,,,,,,,,,,,,
0.10045341491699218,0.20885373651981354,,0.003703703703703704,0.1207,"[0.6387843489646912, 0.9342643618583679, -0.5198559761047363]",0.0009643641533330083,342.2977294921875,3.922938346862793,0.030178455635905266,0.7988102957606316,0.11757487058639526,0.0,3.895256280899048,14720.300922898947,95.97831726074219,0,,,8.767767205238341,8.047588169574738,0.6035691127181053,5.2555955886840815,0.08759325981140136,,,,,0.0,,,183380199.71181947,5.453151439312925e-07,,,,,,,,,,,,,,
0.10070871353149415,0.20883703231811523,,0.003703703703703704,0.1207,"[0.6353129744529724, 0.9237979054450989, -0.5149301290512085]",0.0009555001161061227,342.2326965332031,3.930093288421631,0.030180590227246284,0.7987960651516914,0.11779645830392838,0.0,3.902221918106079,14714.551769137852,95.95822143554688,0,,,8.783758499622344,8.048157393932343,0.6036118045449257,5.265501594543457,0.08775835990905761,,,,,0.0,,,183380199.71181947,5.453151439312925e-07,,,,,,,,,,,,,,
0.10096418380737304,0.20881958305835724,,0.003703703703703704,0.1207,"[0.6320039629936218, 0.9137049913406372, -0.509810209274292]",0.0009468575590290129,342.16754150390625,3.9372386932373047,0.030182840302586555,0.7987810646494229,0.11801806092262268,0.0,3.9091787338256836,14708.792657770993,95.93810272216797,0,,,8.799728479385376,8.048757414023083,0.6036568060517312,5.275407600402832,0.08792346000671386,,,,,0.0,,,183380199.71181947,5.453151439312925e-07,,,,,,,,,,,,,,
0.10121994972229004,0.20880134403705597,,0.003703703703703704,0.1207,"[0.6305972337722778, 0.9072497487068176, -0.5066418647766113]",0.0009417162509635091,342.102294921875,3.9438016414642334,0.0301851537078619,0.7987656419475873,0.11822231113910675,0.0,3.9155516624450684,14703.02412582125,95.91797637939453,0,,,8.814396668672561,8.049374322096508,0.6037030741572381,5.284537124633789,0.08807561874389648,,,,,0.0,,,183380199.71181947,5.453151439312925e-07,,,,,,,,,,,,,,
0.1014758014678955,0.20878253877162933,,0.003703703703703704,0.1207,"[0.6292724609375, 0.9009619951248169, -0.5034307837486267]",0.0009366933372803032,342.0369873046875,3.950352668762207,0.030187085270881653,0.7987527648607889,0.118426114320755,0.0,3.9219117164611816,14697.246102292765,95.89778137207031,0,,,8.829038214683532,8.049889405568441,0.6037417054176331,5.293646621704101,0.08822744369506835,,,,,0.0,,,183380199.71181947,5.453151439312925e-07,,,,,,,,,,,,,,
0.10173197746276856,0.20876312255859375,,0.003703703703703704,0.1207,"[0.6285003423690796, 0.8941600918769836, -0.5026699900627136]",0.0009323923732154071,341.9715270996094,3.9567782878875732,0.030189165845513344,0.7987388943632443,0.11862655729055405,0.0,3.928147792816162,14691.458962686498,95.87757110595703,0,,,8.843399473428725,8.050444225470226,0.603783316910267,5.302606773376465,0.08837677955627442,,,,,0.0,,,183380199.71181947,5.453151439312925e-07,,,,,,,,,,,,,,
0.10198824882507324,0.20874322950839996,,0.003703703703703704,0.121,"[0.6278213262557983, 0.8847345113754272, -0.5061749219894409]",0.0009280239464715123,341.9059753417969,3.962783098220825,0.030191566795110703,0.7987228880325953,0.11881422996520996,185.65774109138482,3.933976173400879,14685.662978661083,95.8573226928711,0,,,8.856820224523544,8.051084478696188,0.603831335902214,5.310995864868164,0.08851659774780272,0.8794105675666245,11.371252937829174,2.679404989304301,3,0.0,,,182580407.36152437,5.477038935617647e-07,23.10223388671875,1.9339254592808792,,"[1.065850853919983, 4.113870143890381, 15.560931205749512]",322.4952392578125,1106.576240249868,0.9815787698818597,0.00016201490403872491,2.4164631366729736,0.41382795572280884,5,7.138296250104904,0.18232336560701795,0.041522825611589514
0.102243070602417,0.20872247219085693,,0.003703703703703704,0.121,"[0.628603994846344, 0.871107816696167, -0.5224807858467102]",0.0009262036182917655,341.8403625488281,3.967982769012451,0.030193865299224854,0.7987075646718342,0.11897529661655426,0.0,3.939016342163086,14679.85995661736,95.83706665039062,0,,,8.868441488742828,8.051697413126629,0.6038773059844972,5.318195343017578,0.08863658905029297,,,,,0.0,,,182580407.36152437,5.477038935617647e-07,,,,,,,,,,,,,,
0.10249462127685546,0.20870089530944824,,0.003703703703703704,0.121,"[0.6308955550193787, 0.8635052442550659, -0.5332183837890625]",0.0009267190471291542,341.774658203125,3.972062349319458,0.030196446925401688,0.7986903538306553,0.11910002678632736,0.0,3.942944049835205,14674.050645276799,95.81676483154297,0,,,8.877559350728989,8.052385846773785,0.6039289385080339,5.3237714767456055,0.08872952461242675,,,,,0.0,,,182580407.36152437,5.477038935617647e-07,,,,,,,,,,,,,,
0.10274323463439941,0.208678737282753,,0.003703703703703704,0.121,"[0.6317304968833923, 0.8570425510406494, -0.5357287526130676]",0.0009245002875104547,341.7088317871094,3.975637912750244,0.03019743040204048,0.79868379731973,0.11921048164367676,0.0,3.94636869430542,14668.235653444517,95.79647827148438,0,,,8.885550734996794,8.052648107210796,0.6039486080408097,5.328707313537597,0.08881178855895995,,,,,0.0,,,182580407.36152437,5.477038935617647e-07,,,,,,,,,,,,,,
0.10298932075500489,0.20865695178508759,,0.003703703703703704,0.121,"[0.6265461444854736, 0.8482747673988342, -0.520739734172821]",0.0009124566568061709,341.6430969238281,3.978537082672119,0.030197523534297943,0.7986831764380137,0.11930175125598907,0.0,3.9491236209869385,14662.416413872532,95.77615356445312,0,,,8.892030379772185,8.052672942479452,0.6039504706859589,5.332787704467774,0.08887979507446289,,,,,0.0,,,182580407.36152437,5.477038935617647e-07,,,,,,,,,,,,,,
0.10323334693908691,0.20863467454910278,,0.003703703703703704,0.121,"[0.6167547702789307, 0.8383569121360779, -0.49189209938049316]",0.0008932582568377256,341.5772399902344,3.9807519912719727,0.030195627361536026,0.7986958175897598,0.11937367171049118,0.0,3.9512014389038086,14656.594078418148,95.75582122802734,0,,,8.896980700492858,8.052167296409607,0.6039125472307205,5.336002349853516,0.08893337249755859,,,,,0.0,,,182580407.36152437,5.477038935617647e-07,,,,,,,,,,,,,,
0.10347517013549805,0.2086125910282135,,0.003703703703703704,0.121,"[0.6053285002708435, 0.8261317610740662, -0.4626489281654358]",0.0008722038473933935,341.5113525390625,3.982672691345215,0.030191393569111824,0.7987240428725878,0.11943661421537399,0.0,3.9529919624328613,14650.76827825463,95.7354965209961,0,,,8.901273465156555,8.051038285096487,0.6038278713822365,5.3388170242309565,0.08898028373718261,,,,,0.0,,,182580407.36152437,5.477038935617647e-07,,,,,,,,,,,,,,
0.10371479988098145,0.2085900604724884,,0.003703703703703704,0.121,"[0.5934391617774963, 0.8124645948410034, -0.43556609749794006]",0.0008510550251230597,341.4454650878906,3.984464645385742,0.030186936259269714,0.7987537582715352,0.11949566751718521,0.0,3.9546539783477783,14644.939593339719,95.71516418457031,0,,,8.905278482437133,8.049849669138592,0.6037387251853944,5.341456031799316,0.08902426719665527,,,,,0.0,,,182580407.36152437,5.477038935617647e-07,,,,,,,,,,,,,,
0.10395260810852051,0.20856799185276031,,0.003703703703703704,0.121,"[0.5823072791099548, 0.7994406223297119, -0.4106314182281494]",0.0008314523729495704,341.37957763671875,3.9862565994262695,0.030182888731360435,0.7987807417909304,0.11955493688583374,0.0,3.9563162326812744,14639.108081572682,95.69483184814453,0,,,8.909283499717711,8.048770328362783,0.6036577746272087,5.344105339050293,0.08906842231750488,,,,,0.0,,,182580407.36152437,5.477038935617647e-07,,,,,,,,,,,,,,
0.10418853759765626,0.20854568481445312,,0.003703703703703704,0.121,"[0.571929395198822, 0.7870858907699585, -0.38765227794647217]",0.0008133120718412101,341.3135986328125,3.9880480766296387,0.030179068446159363,0.7988062103589375,0.11961398273706436,0.0,3.9579787254333496,14633.273212291948,95.67448425292969,0,,,8.913287451267243,8.047751585642498,0.6035813689231874,5.346744346618652,0.08911240577697753,,,,,0.0,,,182580407.36152437,5.477038935617647e-07,,,,,,,,,,,,,,
0.10442269325256348,0.2085230052471161,,0.003703703703703704,0.121,"[0.5622122287750244, 0.7752690315246582, -0.3666204810142517]",0.0007964784163050354,341.24761962890625,3.989839553833008,0.03017546236515045,0.798830250898997,0.11967281252145767,0.0,3.959641218185425,14627.435515556199,95.65414428710938,0,,,8.917291402816772,8.046789964040121,0.603509247303009,5.3493753433227536,0.08915625572204589,,,,,0.0,,,181769973.23933303,5.501458696279386e-07,,,,,,,,,,,,,,
0.10465499877929688,0.20850075781345367,,0.003703703703703704,0.121,"[0.5531612634658813, 0.764011561870575, -0.3473886251449585]",0.0007808891823515296,341.1816101074219,3.9916303157806396,0.030172055587172508,0.7988529627521832,0.11973146349191666,0.0,3.9613027572631836,14621.594669560629,95.63379669189453,0,,,8.92129375576973,8.04588148991267,0.6034411117434503,5.351996040344238,0.0891999340057373,,,,,0.0,,,181769973.23933303,5.501458696279386e-07,,,,,,,,,,,,,,
0.10488554954528809,0.20847830176353455,,0.003703703703703704,0.121,"[0.5450325608253479, 0.7553361654281616, -0.3263571262359619]",0.0007668919861316681,341.1156005859375,3.99333119392395,0.030168838798999786,0.7988744080066681,0.11978721618652344,0.0,3.9628751277923584,14615.750996146866,95.61343383789062,0,,,8.925095218420028,8.045023679733276,0.6033767759799957,5.354488563537598,0.08924147605895996,,,,,0.0,,,181769973.23933303,5.501458696279386e-07,,,,,,,,,,,,,,
0.1051142692565918,0.2084561437368393,,0.003703703703703704,0.121,"[0.5372880697250366, 0.7543444633483887, -0.29109862446784973]",0.0007544782129116356,341.04949951171875,3.9945240020751953,0.030165476724505424,0.7988968218366305,0.11982767283916473,0.0,3.9639389514923096,14609.905144719249,95.59308624267578,0,,,8.927761144638062,8.04412712653478,0.6033095344901085,5.356296157836914,0.08927160263061523,,,,,0.0,,,181769973.23933303,5.501458696279386e-07,,,,,,,,,,,,,,
0.10534168243408203,0.20843346416950226,,0.003703703703703704,0.121,"[0.5243313312530518, 0.7543641924858093, -0.23856140673160553]",0.0007378028240054846,340.9834899902344,3.9952094554901123,0.030160726979374886,0.7989284868041674,0.1198534220457077,0.0,3.9644935131073,14604.057840650552,95.5727310180664,0,,,8.929293133020401,8.042860527833303,0.6032145395874977,5.357448005676269,0.08929080009460448,,,,,0.0,,,181769973.23933303,5.501458696279386e-07,,,,,,,,,,,,,,
0.1055686092376709,0.20841051638126373,,0.003703703703703704,0.1208,"[0.5114046335220337, 0.754906177520752, -0.18624664843082428]",0.0007235566736198962,340.91741943359375,3.995802402496338,0.030155055224895477,0.7989662985006968,0.11987760663032532,0.0,3.9649546146392822,14598.210119918262,95.5523910522461,0,,,8.930618369579316,8.041348059972128,0.6031011044979095,5.358528900146484,0.08930881500244141,,,,,0.0,,,181769973.23933303,5.501458696279386e-07,,,,,,,,,,,,,,
0.10579490661621094,0.20838770270347595,,0.003703703703703704,0.1208,"[0.4992655813694, 0.7553108334541321, -0.13796661794185638]",0.0007121969829313457,340.8512878417969,3.9963953495025635,0.030149348080158234,0.7990043461322784,0.11990135908126831,0.0,3.965416669845581,14592.361108639461,95.53202819824219,0,,,8.931943606138228,8.039826154708862,0.6029869616031647,5.359590339660644,0.08932650566101073,,,,,0.0,,,181769973.23933303,5.501458696279386e-07,,,,,,,,,,,,,,
0.10602046966552735,0.2083645761013031,,0.003703703703703704,0.1208,"[0.4878595769405365, 0.7555687427520752, -0.09352356195449829]",0.0007032952853478491,340.7852478027344,3.996988296508789,0.030143950134515762,0.7990403324365616,0.11992467939853668,0.0,3.9658782482147217,14586.511141896766,95.51168823242188,0,,,8.933268842697142,8.038386702537537,0.6028790026903152,5.36063289642334,0.08934388160705567,,,,,0.0,,,181769973.23933303,5.501458696279386e-07,,,,,,,,,,,,,,
0.10624517440795898,0.20834115147590637,,0.003703703703703704,0.1208,"[0.477163702249527, 0.7557375431060791, -0.052584532648324966]",0.0006964955828152597,340.7191467285156,3.9975812435150146,0.030138825997710228,0.7990744933485985,0.11994760483503342,0.0,3.9663398265838623,14580.660183028958,95.49134063720703,0,,,8.934594079256057,8.03702026605606,0.6027765199542046,5.36165714263916,0.08936095237731934,,,,,0.0,,,181769973.23933303,5.501458696279386e-07,,,,,,,,,,,,,,
0.10646888732910156,0.20831769704818726,,0.003703703703703704,0.1208,"[0.46711182594299316, 0.755759596824646, -0.015000305138528347]",0.0006913988618180156,340.6530456542969,3.9981741905212402,0.03013395518064499,0.7991069654623667,0.11997012794017792,0.0,3.9668004512786865,14574.808255002456,95.47100830078125,0,,,8.93591931581497,8.035721381505331,0.6026791036128998,5.362664794921875,0.08937774658203124,,,,,0.0,,,181769973.23933303,5.501458696279386e-07,,,,,,,,,,,,,,
0.10669159889221191,0.20829428732395172,,0.003703703703703704,0.1208,"[0.45769476890563965, 0.7557124495506287, 0.01951446570456028]",0.0006877473788335919,340.5869140625,3.998767137527466,0.030129337683320045,0.7991377487778664,0.11999232321977615,185.15092374169654,3.9672622680664062,14568.955252785345,95.45065307617188,0,,,8.937244552373885,8.034490048885345,0.6025867536664009,5.363656997680664,0.08939428329467773,0.88229763979987,11.334043693314518,2.6759141544313234,3,0.0,,,180957562.99336883,5.5261575336127e-07,36.657127380371094,1.9577350189772733,,"[1.1695668697357178, 4.570165157318115, 17.648141860961914]",321.23828125,1103.9679734968443,0.9814356778008869,0.00016201490403872491,2.418844699859619,0.41342049837112427,5,7.133854634761811,0.18169129023837444,0.04103377718673909
0.1069131088256836,0.20827047526836395,,0.003703703703703704,0.1208,"[0.44704070687294006, 0.7543962597846985, 0.05341735854744911]",0.0006838390254415572,340.5208740234375,3.999068021774292,0.03012494556605816,0.7991670295596123,0.1200055480003357,0.0,3.9674434661865234,14563.101740765827,95.43031311035156,0,,,8.937917028665542,8.033318817615509,0.6024989113211632,5.3642480850219725,0.08940413475036621,,,,,0.0,,,180957562.99336883,5.5261575336127e-07,,,,,,,,,,,,,,
0.10713134765625,0.20824694633483887,,0.003703703703703704,0.1208,"[0.4370179772377014, 0.7530474662780762, 0.08445984125137329]",0.0006810363847762346,340.4546813964844,3.9993655681610107,0.030119407922029495,0.79920394718647,0.1200147271156311,0.0,3.967622995376587,14557.247797282667,95.40997314453125,0,,,8.938582044839858,8.031842112541199,0.6023881584405899,5.364658355712891,0.08941097259521484,,,,,0.0,,,180957562.99336883,5.5261575336127e-07,,,,,,,,,,,,,,
0.10734624862670898,0.2082234025001526,,0.003703703703703704,0.1208,"[0.4276367127895355, 0.7517070174217224, 0.11278320103883743]",0.0006791453342884779,340.3885803222656,3.9996628761291504,0.030114099383354187,0.7992393374443054,0.12002363055944443,0.0,3.967803955078125,14551.392993096035,95.38961791992188,0,,,8.93924652814865,8.030426502227783,0.6022819876670837,5.365055465698242,0.08941759109497069,,,,,0.0,,,180957562.99336883,5.5261575336127e-07,,,,,,,,,,,,,,
0.10755780220031738,0.20819999277591705,,0.003703703703703704,0.1207,"[0.41879746317863464, 0.7503127455711365, 0.13852661848068237]",0.0006778902607038617,340.32244873046875,3.999959945678711,0.03010900691151619,0.7992732872565587,0.12003226578235626,0.0,3.9679863452911377,14545.538113419017,95.3692855834961,0,,,8.93991047859192,8.029068509737652,0.6021801382303239,5.365441131591797,0.08942401885986327,,,,,0.0,,,180957562.99336883,5.5261575336127e-07,,,,,,,,,,,,,,
0.10776599884033203,0.20817677676677704,,0.003703703703703704,0.1207,"[0.41042396426200867, 0.7516893148422241, 0.16918212175369263]",0.0006800597184337676,340.2563781738281,4.0,0.03010413609445095,0.799305759370327,0.12003302574157715,0.0,3.9679107666015625,14539.682733376058,95.34895324707031,0,,,8.94,8.02776962518692,0.602082721889019,5.365474891662598,0.08942458152770996,,,,,0.0,,,180957562.99336883,5.5261575336127e-07,,,,,,,,,,,,,,
0.10797127723693847,0.20815329253673553,,0.003703703703703704,0.1207,"[0.4025533199310303, 0.7533724904060364, 0.1983374059200287]",0.0006832432700321078,340.19024658203125,4.0,0.030099065974354744,0.7993395601709683,0.12003322690725327,0.0,3.9677960872650146,14533.827717496724,95.32862091064453,0,,,8.94,8.026417593161266,0.601981319487095,5.3654846191406245,0.08942474365234374,,,,,0.0,,,180957562.99336883,5.5261575336127e-07,,,,,,,,,,,,,,
0.10817372322082519,0.20813073217868805,,0.003703703703703704,0.121,"[0.39512383937835693, 0.7547958493232727, 0.22473937273025513]",0.0006866536568850279,340.1241149902344,4.0,0.030094154179096222,0.7993723054726918,0.12003330141305923,0.0,3.9676833152770996,14527.972553013571,95.30827331542969,0,,,8.94,8.025107781092327,0.6018830835819245,5.365488052368164,0.08942480087280273,,,,,0.0,,,180957562.99336883,5.5261575336127e-07,,,,,,,,,,,,,,
0.10837329864501953,0.20810778439044952,,0.003703703703703704,0.121,"[0.38813072443008423, 0.7560467720031738, 0.24878357350826263]",0.0006902291206642985,340.0579833984375,4.0,0.030089478939771652,0.7994034737348557,0.12003316730260849,0.0,3.967571496963501,14522.117528193772,95.28795623779297,0,,,8.94,8.023861050605774,0.601789578795433,5.365482330322266,0.0894247055053711,,,,,0.0,,,180957562.99336883,5.5261575336127e-07,,,,,,,,,,,,,,
0.10856998443603516,0.20808489620685577,,0.003703703703703704,0.1207,"[0.38159501552581787, 0.757169783115387, 0.27049681544303894]",0.0006938529550097883,339.99188232421875,4.0,0.030084999278187752,0.799433338145415,0.12003278732299805,0.0,3.967461347579956,14516.262371055052,95.26761627197266,0,,,8.94,8.022666474183401,0.601699985563755,5.36546459197998,0.089424409866333,,,,,0.0,,,180957562.99336883,5.5261575336127e-07,,,,,,,,,,,,,,
0.10876371383666993,0.2080622911453247,,0.003703703703703704,0.1209,"[0.3753959536552429, 0.7580727338790894, 0.2900398373603821]",0.0006973238778300583,339.92578125,4.0,0.030080730095505714,0.7994617993632952,0.12003224343061447,0.0,3.9673516750335693,14510.407643645387,95.2472915649414,0,,,8.94,8.021528025468191,0.6016146019101143,5.365441131591797,0.08942401885986327,,,,,0.0,,,180147713.02812573,5.551000249688843e-07,,,,,,,,,,,,,,
0.108954496383667,0.2080400586128235,,0.003703703703703704,0.1207,"[0.36962470412254333, 0.7588773965835571, 0.30759063363075256]",0.0007006846717558801,339.85968017578125,4.0,0.030076628550887108,0.7994891429940859,0.1200314611196518,0.0,3.9672446250915527,14504.55277085268,95.22695922851562,0,,,8.94,8.020434280236563,0.6015325710177422,5.365405654907226,0.0894234275817871,,,,,0.0,,,180147713.02812573,5.551000249688843e-07,,,,,,,,,,,,,,
0.10914238929748535,0.2080182284116745,,0.003703703703703704,0.1207,"[0.36418020725250244, 0.7595405578613281, 0.3233056664466858]",0.0007038230542093515,339.7935485839844,4.0,0.03007272630929947,0.7995151579380035,0.12003054469823837,0.0,3.9671382904052734,14498.697781201327,95.20663452148438,0,,,8.94,8.019393682479858,0.6014545261859894,5.365365028381348,0.08942275047302246,,,,,0.0,,,180147713.02812573,5.551000249688843e-07,,,,,,,,,,,,,,
0.10932730674743653,0.2079963982105255,,0.003703703703703704,0.1207,"[0.3590574562549591, 0.7600675821304321, 0.33729293942451477]",0.0007066956022754312,339.7274169921875,4.0,0.030068982392549515,0.7995401173830032,0.12002947926521301,0.0,3.9670331478118896,14492.842947239686,95.18630981445312,0,,,8.94,8.01839530467987,0.6013796478509903,5.3653169631958,0.08942194938659667,,,,,0.0,,,180147713.02812573,5.551000249688843e-07,,,,,,,,,,,,,,
0.10950924873352051,0.20797476172447205,,0.003703703703703704,0.1207,"[0.3542653024196625, 0.7604934573173523, 0.3496749997138977]",0.0007093010353855789,339.661376953125,4.0,0.030065394937992096,0.7995640337467194,0.12002824991941452,0.0,3.9669299125671387,14486.988030992457,95.16597747802734,0,,,8.94,8.017438650131226,0.6013078987598419,5.365262031555176,0.08942103385925293,,,,,0.0,,,180147713.02812573,5.551000249688843e-07,,,,,,,,,,,,,,
0.10968823432922363,0.2079533487558365,,0.003703703703703704,0.1207,"[0.34978044033050537, 0.7608234882354736, 0.36051085591316223]",0.0007116014021448791,339.5952453613281,4.0,0.030061962082982063,0.7995869194467862,0.12002691626548767,0.0,3.9668281078338623,14481.133273576403,95.14567565917969,0,,,8.94,8.016523222128551,0.6012392416596414,5.365202522277832,0.08942004203796386,,,,,0.0,,,180147713.02812573,5.551000249688843e-07,,,,,,,,,,,,,,
0.10986434936523437,0.207932248711586,,0.003703703703703704,0.1207,"[0.34555092453956604, 0.7610246539115906, 0.36993804574012756]",0.0007135593332350254,339.5291442871094,4.0,0.03005868010222912,0.7996087993184725,0.12002547085285187,0.0,3.9667279720306396,14475.278421723062,95.12535095214844,0,,,8.94,8.015648027261099,0.6011736020445824,5.365138435363769,0.08941897392272949,,,,,0.0,,,180147713.02812573,5.551000249688843e-07,,,,,,,,,,,,,,
0.11003749847412109,0.20791152119636536,,0.003703703703703704,0.1207,"[0.34158560633659363, 0.7611566185951233, 0.3781124949455261]",0.0007152320467866957,339.4630126953125,4.0,0.030055522918701172,0.7996298472086588,0.12002389132976532,0.0,3.966628313064575,14469.423626931231,95.10501861572266,0,,,8.94,8.014806111653646,0.6011104583740234,5.365067481994629,0.08941779136657715,,,,,0.0,,,180147713.02812573,5.551000249688843e-07,,,,,,,,,,,,,,
0.11020776748657227,0.20789074897766113,,0.003703703703703704,0.121,"[0.3378239572048187, 0.7611729502677917, 0.3851187229156494]",0.0007165726274251938,339.39691162109375,4.0,0.03005249798297882,0.7996500134468079,0.1200222298502922,0.0,3.9665305614471436,14463.56920200245,95.084716796875,0,,,8.94,8.013999462127686,0.6010499596595764,5.364993095397949,0.08941655158996582,,,,,0.0,,,180147713.02812573,5.551000249688843e-07,,,,,,,,,,,,,,
0.1103751564025879,0.20787061750888824,,0.003703703703703704,0.121,"[0.33431825041770935, 0.7611265778541565, 0.39096710085868835]",0.0007176120416261256,339.330810546875,4.0,0.030049597844481468,0.7996693477034569,0.12002050131559372,0.0,3.966434955596924,14457.714508236199,95.06438446044922,0,,,8.94,8.013226091861725,0.6009919568896294,5.36491641998291,0.08941527366638183,,,,,0.0,,,180147713.02812573,5.551000249688843e-07,,,,,,,,,,,,,,
0.11053962707519531,0.20785044133663177,,0.003703703703703704,0.121,"[0.33104828000068665, 0.7610315680503845, 0.3958114683628082]",0.0007183872512541711,339.2647399902344,4.0,0.030046803876757622,0.7996879741549492,0.12001867592334747,184.6524326705834,3.9663400650024414,14451.85971566533,95.04408264160156,0,,,8.94,8.012481033802032,0.6009360775351524,5.364834022521973,0.08941390037536621,0.8779141822180555,11.390634987505202,2.6856191796040214,3,0.0,,,179340495.1730154,5.57598549638925e-07,53.88181686401367,1.976836577960279,,"[1.255002498626709, 4.9595947265625, 19.445486068725586]",319.97784423828125,1101.3633467651105,0.9812905143410346,0.00016201490403872491,2.4212048053741455,0.41301751136779785,5,7.1294530379772185,0.18163226099427637,0.04225384987109339
0.11070128440856934,0.20783090591430664,,0.003703703703703704,0.121,"[0.3279453217983246, 0.7608405351638794, 0.3996884226799011]",0.0007188466261141002,339.1986389160156,4.0,0.030044129118323326,0.7997058058778445,0.12001677602529526,0.0,3.966247320175171,14446.004879349304,95.02377319335938,0,,,8.94,8.011767764886221,0.6008825823664665,5.364748764038086,0.08941247940063476,,,,,0.0,,,179340495.1730154,5.57598549638925e-07,,,,,,,,,,,,,,
0.11086016654968261,0.20781123638153076,,0.003703703703703704,0.121,"[0.3250627815723419, 0.7606135606765747, 0.4027005136013031]",0.0007190686301328242,339.1325378417969,4.0,0.030041564255952835,0.7997229049603144,0.12001483142375946,0.0,3.9661552906036377,14440.150098887449,95.00344848632812,0,,,8.94,8.011083801587423,0.6008312851190567,5.36466236114502,0.089411039352417,,,,,0.0,,,179340495.1730154,5.57598549638925e-07,,,,,,,,,,,,,,
0.11101619720458984,0.20779220759868622,,0.003703703703703704,0.121,"[0.3223646581172943, 0.7603123188018799, 0.4048399329185486]",0.000719007512088865,339.0664367675781,4.0,0.03003908321261406,0.7997394452492396,0.1200128048658371,0.0,3.9660651683807373,14434.2954726338,94.9831314086914,0,,,8.94,8.010422190030416,0.6007816642522812,5.364571380615234,0.0894095230102539,,,,,0.0,,,179340495.1730154,5.57598549638925e-07,,,,,,,,,,,,,,
0.11116950035095215,0.20777298510074615,,0.003703703703703704,0.121,"[0.31982070207595825, 0.7599888443946838, 0.40630096197128296]",0.000718749244697392,339.0003662109375,4.0,0.03003671020269394,0.7997552653153737,0.12001071870326996,0.0,3.9659764766693115,14428.440880910675,94.96284484863281,0,,,8.94,8.009789387385052,0.6007342040538789,5.36447925567627,0.0894079875946045,,,,,0.0,,,179340495.1730154,5.57598549638925e-07,,,,,,,,,,,,,,
0.1113200283050537,0.20775450766086578,,0.003703703703703704,0.121,"[0.31743910908699036, 0.759598970413208, 0.40702760219573975]",0.0007182444096542895,338.9342041015625,4.0,0.030034421011805534,0.7997705265879631,0.12000863254070282,0.0,3.9658892154693604,14422.586302576565,94.9425277709961,0,,,8.94,8.009178936481476,0.6006884202361107,5.3643859863281245,0.08940643310546874,,,,,0.0,,,179340495.1730154,5.57598549638925e-07,,,,,,,,,,,,,,
0.11146787643432617,0.20773623883724213,,0.003703703703703704,0.121,"[0.3151814341545105, 0.7591853141784668, 0.4072141945362091]",0.0007175743230618536,338.8681945800781,4.0,0.03003222681581974,0.7997851545612017,0.1200065165758133,0.0,3.9658031463623047,14416.731827928546,94.9222183227539,0,,,8.94,8.008593817551931,0.6006445363163948,5.364290428161621,0.08940484046936036,,,,,0.0,,,179340495.1730154,5.57598549638925e-07,,,,,,,,,,,,,,
0.11161304473876953,0.20771817862987518,,0.003703703703703704,0.1209,"[0.3130725920200348, 0.7587124705314636, 0.4067398011684418]",0.0007166793220676482,338.8021545410156,4.0,0.03003009967505932,0.7997993354996045,0.1200043186545372,0.0,3.9657187461853027,14410.877145122917,94.90193176269531,0,,,8.94,8.00802658001582,0.6006019935011865,5.3641925811767575,0.0894032096862793,,,,,0.0,,,179340495.1730154,5.57598549638925e-07,,,,,,,,,,,,,,
0.11175557136535645,0.20770056545734406,,0.003703703703703704,0.1209,"[0.31111565232276917, 0.7582381367683411, 0.4057843089103699]",0.0007156590581871569,338.73602294921875,4.0,0.03002806380391121,0.7998129079739252,0.1200021356344223,0.0,3.9656357765197754,14405.022844200854,94.8816146850586,0,,,8.94,8.00748368104299,0.6005612760782242,5.3640947341918945,0.08940157890319825,,,,,0.0,,,179340495.1730154,5.57598549638925e-07,,,,,,,,,,,,,,
0.11189552307128907,0.20768308639526367,,0.003703703703703704,0.1209,"[0.30927199125289917, 0.7577073574066162, 0.40427613258361816]",0.0007144422270357609,338.6699523925781,4.0,0.030026087537407875,0.7998260830839474,0.11999986320734024,0.0,3.9655544757843018,14399.16849637991,94.86129760742188,0,,,8.94,8.006956676642101,0.6005217507481576,5.3639940261840815,0.08939990043640136,,,,,0.0,,,179340495.1730154,5.57598549638925e-07,,,,,,,,,,,,,,
0.11203291893005371,0.20766593515872955,,0.003703703703703704,0.1209,"[0.3075403571128845, 0.7571544051170349, 0.4023635983467102]",0.0007131028105504811,338.6038818359375,4.0,0.030024198815226555,0.7998386745651562,0.11999766528606415,0.0,3.9654738903045654,14393.314153945727,94.84100341796875,0,,,8.94,8.00645301739375,0.6004839763045312,5.363895034790039,0.08939825057983397,,,,,0.0,,,178535840.17157653,5.601116274687368e-07,,,,,,,,,,,,,,
0.11216771125793457,0.2076490968465805,,0.003703703703703704,0.1209,"[0.30590370297431946, 0.7565686106681824, 0.4000305235385895]",0.0007116244523786008,338.5377197265625,4.0,0.030022364109754562,0.7998509059349695,0.11999538540840149,0.0,3.965395212173462,14387.459707684251,94.82070922851562,0,,,8.94,8.005963762601217,0.6004472821950912,5.363793182373047,0.08939655303955078,,,,,0.0,,,178535840.17157653,5.601116274687368e-07,,,,,,,,,,,,,,
0.1123000431060791,0.20763234794139862,,0.003703703703703704,0.1209,"[0.30436310172080994, 0.7559715509414673, 0.3973730504512787]",0.0007100556395016611,338.4716796875,4.0,0.030020596459507942,0.799862690269947,0.11999309808015823,0.0,3.965317487716675,14381.60517692164,94.80040740966797,0,,,8.94,8.005492389202118,0.6004119291901588,5.363690757751464,0.08939484596252441,,,,,0.0,,,178535840.17157653,5.601116274687368e-07,,,,,,,,,,,,,,
0.11242989540100097,0.20761601626873016,,0.003703703703703704,0.1209,"[0.3029453158378601, 0.7553347945213318, 0.39426514506340027]",0.0007083429372869432,338.40557861328125,4.0,0.030018899589776993,0.79987400273482,0.11999084800481796,0.0,3.9652411937713623,14375.750652151697,94.78010559082031,0,,,8.94,8.005039890607199,0.6003779917955399,5.363590049743652,0.08939316749572754,,,,,0.0,,,178535840.17157653,5.601116274687368e-07,,,,,,,,,,,,,,
0.1125573444366455,0.20760007202625275,,0.003703703703703704,0.1209,"[0.30159974098205566, 0.754716157913208, 0.39099976420402527]",0.0007066123653203249,338.33953857421875,4.0,0.03001725859940052,0.7998849426706631,0.1199885681271553,0.0,3.9651663303375244,14369.89614910344,94.75981140136719,0,,,8.94,8.004602293173473,0.6003451719880105,5.36348762512207,0.08939146041870116,,,,,0.0,,,178535840.17157653,5.601116274687368e-07,,,,,,,,,,,,,,
0.11268238067626953,0.20758414268493652,,0.003703703703703704,0.1209,"[0.300313800573349, 0.7540525794029236, 0.387419730424881]",0.0007047672406770289,338.2734375,4.0,0.03001566417515278,0.7998955721656481,0.11998623609542847,0.0,3.965092658996582,14364.04162655116,94.73950958251953,0,,,8.94,8.004177113374075,0.6003132835030556,5.363384628295898,0.08938974380493163,,,,,0.0,,,178535840.17157653,5.601116274687368e-07,,,,,,,,,,,,,,
0.1128050708770752,0.20756886899471283,,0.003703703703703704,0.1209,"[0.29916924238204956, 0.753394603729248, 0.38352325558662415]",0.0007028634427115321,338.20733642578125,4.0,0.03001413308084011,0.7999057794610659,0.119983971118927,0.0,3.9650204181671143,14358.187209517446,94.7192153930664,0,,,8.94,8.003768821557363,0.6002826616168022,5.363282775878906,0.08938804626464843,,,,,0.0,,,178535840.17157653,5.601116274687368e-07,,,,,,,,,,,,,,
0.11292547225952149,0.2075536698102951,,0.003703703703703704,0.1209,"[0.2980564832687378, 0.7527604103088379, 0.379599928855896]",0.0007009825785644352,338.1412353515625,4.0,0.03001265786588192,0.7999156142274538,0.11998169124126434,0.0,3.964949607849121,14352.332969698158,94.69892883300781,0,,,8.94,8.003375430901846,0.6002531573176384,5.363181495666503,0.08938635826110838,,,,,0.0,,,178535840.17157653,5.601116274687368e-07,,,,,,,,,,,,,,
0.11304360389709472,0.2075388878583908,,0.003703703703703704,0.1209,"[0.29700934886932373, 0.7520610094070435, 0.3753109872341156]",0.0006989635876379907,338.0751953125,4.0,0.030011221766471863,0.7999251882235209,0.11997941881418228,0.0,3.9648797512054443,14346.478776833632,94.67861938476562,0,,,8.94,8.002992471059164,0.6002244353294373,5.363079643249511,0.08938466072082518,,,,,0.0,,,178535840.17157653,5.601116274687368e-07,,,,,,,,,,,,,,
0.11315945625305175,0.20752401649951935,,0.003703703703703704,0.1209,"[0.29603111743927, 0.7513505816459656, 0.3708532750606537]",0.0006969101377762854,338.0091552734375,4.0,0.030009837821125984,0.7999344145258267,0.11997713893651962,0.0,3.964811325073242,14340.624570945214,94.65834045410156,0,,,8.94,8.00262341896693,0.6001967564225198,5.362978363037109,0.08938297271728515,,,,,0.0,,,178535840.17157653,5.601116274687368e-07,,,,,,,,,,,,,,
